Time,X_o,Y_o,Z
0,0,0,0.788786945923609
2,10,24.9998958334635,0.780202861591903
4,20,49.9991666708333,0.782486935396598
6,30,74.9971875316404,0.77955769762603
8,40,99.9933334666654,0.778384763836326
10,50,124.986979573562,0.794463523712645
12,60,149.977501012478,0.8022930913968
14,70,174.964273021681,0.7960444147327
16,80,199.946670933171,0.78911028920538
18,90,224.924070188301,0.791336617992118
20,100,249.895846353392,0.774072790455909
22,110,274.861375135339,0.798429789962686
24,120,299.820032397223,0.798653753190183
26,130,324.771194173913,0.768405051609768
28,140,349.714236687664,0.774136883193665
30,150,374.648536363712,0.796819846259715
32,160,399.573469845863,0.779753580693734
34,170,424.48841401208,0.777631143096107
36,180,449.392745990055,0.75773419530514
38,190,474.285843172786,0.780097745293239
40,200,499.167083234141,0.774880027140392
42,210,524.035844144412,0.774356717248765
44,220,548.891504185874,0.764149531839587
46,230,573.733441968319,0.78420974441941
48,240,598.561036444597,0.807109873699529
50,250,623.373666926138,0.772972580072124
52,260,648.170713098474,0.777506660141125
54,270,672.951555036742,0.781965598920912
56,280,697.715573221182,0.770481726352472
58,290,722.462148552632,0.782993254626675
60,300,747.190662367996,0.77734293165651
62,310,771.900496455717,0.770985978938792
64,320,796.59103307123,0.775944571528341
66,330,821.261654952405,0.783072536970713
68,340,845.91174533498,0.766633156604519
70,350,870.54068796798,0.777049317481121
72,360,895.147867129121,0.776112736332411
74,370,919.732667640206,0.766916157751326
76,380,944.294474882503,0.787352810488328
78,390,968.83267481211,0.762009094980607
80,400,993.346653975306,0.78172502680356
82,410,1017.83579952389,0.765027430801127
84,420,1042.2994992305,0.771623419386519
86,430,1066.73714150391,0.784347915776681
88,440,1091.14811540435,0.775956669686259
90,450,1115.53181065873,0.754332183714809
92,460,1139.88761767594,0.764400206686545
94,470,1164.21492756208,0.763221347211541
96,480,1188.51313213567,0.762745813127831
98,490,1212.78162394286,0.775931252021778
100,500,1237.01979627261,0.773395885431616
102,510,1261.22704317189,0.757847885589672
104,520,1285.40275946078,0.8043241475214
106,530,1309.54634074762,0.7717448050552
108,540,1333.65718344416,0.751625311675126
110,550,1357.73468478056,0.768157289140409
112,560,1381.77824282057,0.763736507645388
114,570,1405.78725647647,0.761318589635856
116,580,1429.76112552418,0.760571594823356
118,590,1453.69925061821,0.781801739292248
120,600,1477.6010333067,0.772268090010557
122,610,1501.46587604631,0.76827400044725
124,620,1525.29318221722,0.766903546179567
126,630,1549.08235613801,0.768307954293164
128,640,1572.83280308059,0.763442759197066
130,650,1596.543929285,0.756977781964576
132,660,1620.21514197434,0.748542118840062
134,670,1643.84584936952,0.768276797165126
136,680,1667.43546070407,0.762205908648332
138,690,1690.98338623896,0.757320606762977
140,700,1714.48903727726,0.763117500298116
142,710,1737.95182617892,0.769945525090457
144,720,1761.37116637545,0.765436997662886
146,730,1784.74647238456,0.772314270812505
148,740,1808.07715982481,0.770904872319768
150,750,1831.36264543024,0.772424775824732
152,760,1854.60234706491,0.766251209087512
154,770,1877.79568373751,0.756471277166042
156,780,1900.94207561581,0.785314094813197
158,790,1924.04094404123,0.780498450566718
160,800,1947.09171154325,0.751126751946934
162,810,1970.0938018539,0.764952914836336
164,820,1993.04663992211,0.744829116709779
166,830,2015.94965192813,0.774296216029502
168,840,2038.80226529785,0.76286447960019
170,850,2061.60390871712,0.75226005948917
172,860,2084.35401214605,0.732728476370594
174,870,2107.05200683324,0.739014643876658
176,880,2129.69732533,0.782445524300961
178,890,2152.28940150454,0.742994643107268
180,900,2174.82767055615,0.76825756994125
182,910,2197.31156902927,0.75330336171415
184,920,2219.7405348276,0.763666768179374
186,930,2242.11400722817,0.771040606230047
188,940,2264.43142689534,0.765806155533999
190,950,2286.69223589478,0.770808665546621
192,960,2308.89587770741,0.762754368921881
194,970,2331.04179724336,0.75445654955225
196,980,2353.12944085579,0.779290857021194
198,990,2375.15825635475,0.769888576236368
200,1000,2397.12769302102,0.745427022251188
202,1010,2419.0372016198,0.746439224409401
204,1020,2440.88623441454,0.765447491594735
206,1030,2462.67424518054,0.761190894764118
208,1040,2484.40068921868,0.759818111718775
210,1050,2506.06502336899,0.759275672825706
212,1060,2527.66670602423,0.750438004731157
214,1070,2549.20519714348,0.759618701778351
216,1080,2570.67995826557,0.776376319306046
218,1090,2592.09045252259,0.75428852703731
220,1100,2613.4361446533,0.743415451668439
222,1110,2634.71650101651,0.731894601887523
224,1120,2655.93098960442,0.762711196017904
226,1130,2677.07908005592,0.75601649741076
228,1140,2698.16024366985,0.757961043951378
230,1150,2719.17395341821,0.754989921972787
232,1160,2740.11968395937,0.74096240401078
234,1170,2760.99691165114,0.765693968962269
236,1180,2781.80511456392,0.7745019991375
238,1190,2802.54377249372,0.756551122794615
240,1200,2823.21236697518,0.757549503490393
242,1210,2843.8103812945,0.754433005249627
244,1220,2864.33730050241,0.758349979816676
246,1230,2884.79261142698,0.749483888025542
248,1240,2905.17580268653,0.742317265019474
250,1250,2925.48636470231,0.757032099268149
252,1260,2945.72378971135,0.750360636105976
254,1270,2965.88757177906,0.752877895919548
256,1280,2985.97720681196,0.738258892069607
258,1290,3005.99219257021,0.760059621872307
260,1300,3025.9320286802,0.752936649935887
262,1310,3045.79621664707,0.745399464689638
264,1320,3065.58425986717,0.736700248954845
266,1330,3085.29566364043,0.755764385025
268,1340,3104.9299351828,0.751242101534719
270,1350,3124.4865836385,0.75590473162115
272,1360,3143.96512009234,0.752354803153217
274,1370,3163.36505758193,0.76514980056412
276,1380,3182.68591110984,0.746098191706563
278,1390,3201.92719765574,0.745753517841172
280,1400,3221.08843618846,0.749882061137678
282,1410,3240.16914767804,0.764015781944343
284,1420,3259.16885510768,0.745564647798712
286,1430,3278.0870834857,0.749317446591966
288,1440,3296.92335985737,0.750893681525899
290,1450,3315.67721331675,0.747304408832061
292,1460,3334.34817501849,0.746975705394331
294,1470,3352.93577818952,0.74085908618558
296,1480,3371.43955814073,0.739379609829705
298,1490,3389.85905227857,0.743046004099536
300,1500,3408.19380011667,0.746659547297973
302,1510,3426.44334328727,0.751385734012811
304,1520,3444.60722555276,0.732942554548934
306,1530,3462.68499281701,0.762456788447188
308,1540,3480.67619313678,0.743875923560997
310,1550,3498.58037673302,0.744334301578874
312,1560,3516.39709600205,0.758349739846038
314,1570,3534.12590552683,0.742469283248792
316,1580,3551.76636208804,0.75125828654544
318,1590,3569.31802467518,0.739116063691806
320,1600,3586.78045449761,0.729177775941547
322,1610,3604.15321499549,0.746381683613872
324,1620,3621.43587185071,0.741394473919794
326,1630,3638.62799299775,0.753929446919362
328,1640,3655.72914863448,0.729865828962632
330,1650,3672.73891123289,0.753461350014856
332,1660,3689.65685554981,0.738950251584197
334,1670,3706.48255863752,0.750522134999487
336,1680,3723.2155998543,0.749741798848983
338,1690,3739.855560875,0.745868334000425
340,1700,3756.40202570146,0.743649765731307
342,1710,3772.85458067293,0.735037537442735
344,1720,3789.21281447638,0.750003264462004
346,1730,3805.47631815683,0.745308540949372
348,1740,3821.64468512753,0.756519794527867
350,1750,3837.71751118014,0.73811293109628
352,1760,3853.69439449485,0.752424254008507
354,1770,3869.57493565041,0.764018891641528
356,1780,3885.35873763412,0.737829967508038
358,1790,3901.04540585175,0.737079211123375
360,1800,3916.63454813742,0.740702660783304
362,1810,3932.12577476337,0.740388105486971
364,1820,3947.51869844975,0.734429640713409
366,1830,3962.81293437427,0.746409115477153
368,1840,3978.00810018183,0.739955194359858
370,1850,3993.10381599407,0.743649799617401
372,1860,4008.09970441889,0.73695018830536
374,1870,4022.99539055985,0.767155026477085
376,1880,4037.79050202557,0.748191052621494
378,1890,4052.48466893905,0.746444748541322
380,1900,4067.07752394687,0.745440089450363
382,1910,4081.56870222842,0.733116718709712
384,1920,4095.95784150499,0.74525010116073
386,1930,4110.24458204886,0.727703358958776
388,1940,4124.42856669225,0.759131039857332
390,1950,4138.50944083629,0.747322053955639
392,1960,4152.48685245985,0.718000620517189
394,1970,4166.36045212838,0.742959122743092
396,1980,4180.1298930026,0.735556698572467
398,1990,4193.79483084722,0.743255006171292
400,2000,4207.35492403948,0.7390110712752
402,2010,4220.80983357778,0.74531592947642
404,2020,4234.15922309008,0.73818779150484
406,2030,4247.40275884232,0.729524104897592
408,2040,4260.54010974681,0.737952490789446
410,2050,4273.57094737047,0.747840612406191
412,2060,4286.49494594302,0.736656426234192
414,2070,4299.31178236517,0.732240881268564
416,2080,4312.02113621669,0.739630355087355
418,2090,4324.62268976439,0.728345753536003
420,2100,4337.11612797008,0.732892024282857
422,2110,4349.50113849847,0.732252108197567
424,2120,4361.77741172493,0.731758688718539
426,2130,4373.94464074327,0.761929066123558
428,2140,4386.00252137341,0.758014931857485
430,2150,4397.95075216894,0.725804750031195
432,2160,4409.78903442474,0.736481631481785
434,2170,4421.51707218435,0.729140779039871
436,2180,4433.13457224744,0.756283365678678
438,2190,4444.64124417711,0.756707419518977
440,2200,4456.03680030718,0.737064775601857
442,2210,4467.32095574932,0.727005005477009
444,2220,4478.49342840024,0.733506724077398
446,2230,4489.5539389487,0.747592452561153
448,2240,4500.50221088253,0.741623309488713
450,2250,4511.33797049548,0.721864390382
452,2260,4522.06094689413,0.737853961900467
454,2270,4532.67087200463,0.74100766194668
456,2280,4543.16748057942,0.743943437215024
458,2290,4553.55051020381,0.72533060892606
460,2300,4563.81970130261,0.728205747044165
462,2310,4573.97479714657,0.71905867146962
464,2320,4584.01554385883,0.738064622944456
466,2330,4593.94169042125,0.738352199739574
468,2340,4603.75298868068,0.745862000302397
470,2350,4613.44919335517,0.707863693515495
472,2360,4623.0300620401,0.731398184349311
474,2370,4632.49535521427,0.751409559080019
476,2380,4641.84483624583,0.734579909641688
478,2390,4651.07827139825,0.732064097209439
480,2400,4660.19542983613,0.732563943975927
482,2410,4669.19608363098,0.731645780304747
484,2420,4678.08000776693,0.735448461573514
486,2430,4686.84698014633,0.735038923312997
488,2440,4695.49678159534,0.723360072009561
490,2450,4704.02919586936,0.739774197190107
492,2460,4712.44400965849,0.736094061512729
494,2470,4720.74101259281,0.73783618506885
496,2480,4728.91999724769,0.722767810946743
498,2490,4736.98075914894,0.745786814010391
500,2500,4744.92309677793,0.728757439810221
502,2510,4752.74681157663,0.736630876473919
504,2520,4760.45170795258,0.74831654242904
506,2530,4768.03759328377,0.740381898038302
508,2540,4775.50427792346,0.715294995874066
510,2550,4782.85157520493,0.733075700798798
512,2560,4790.07930144612,0.735224953209655
514,2570,4797.18727595427,0.732865748497077
516,2580,4804.17532103036,0.722434308228435
518,2590,4811.04326197365,0.737612977886053
520,2600,4817.79092708596,0.729608225843639
522,2610,4824.41814767603,0.730903089104347
524,2620,4830.92475806367,0.742371583354271
526,2630,4837.31059558397,0.72767694688037
528,2640,4843.57550059133,0.726942624917825
530,2650,4849.71931646344,0.725217205385056
532,2660,4855.74188960522,0.734781372212627
534,2670,4861.64306945267,0.729613673963946
536,2680,4867.4227084766,0.710796033818387
538,2690,4873.08066218632,0.725291661375781
540,2700,4878.6167891333,0.73641133891214
542,2710,4884.03095091464,0.731061465085331
544,2720,4889.32301217658,0.731752651747668
546,2730,4894.49284061787,0.755054723240792
548,2740,4899.54030699307,0.717394252607578
550,2750,4904.46528511578,0.734417877087226
552,2760,4909.2676518618,0.718646340496781
554,2770,4913.94728717221,0.721662172786222
556,2780,4918.50407405638,0.7313127912206
558,2790,4922.93789859487,0.720012375535835
560,2800,4927.2486499423,0.731616810499844
562,2810,4931.43622033011,0.736223335031001
564,2820,4935.50050506925,0.738612714876626
566,2830,4939.44140255283,0.747981305825024
568,2840,4943.2588142586,0.727245885645155
570,2850,4946.95264475148,0.739206066070872
572,2860,4950.52280168589,0.719614922796037
574,2870,4953.9691958081,0.739847972522572
576,2880,4957.29174095843,0.731280101285188
578,2890,4960.49035407343,0.730658118394815
580,2900,4963.56495518794,0.729312021670042
582,2910,4966.51546743709,0.729225626867211
584,2920,4969.34181705822,0.739704519737172
586,2930,4972.04393339275,0.723947418475573
588,2940,4974.6217488879,0.73719731743377
590,2950,4977.07519909843,0.73621257029165
592,2960,4979.4042226882,0.72856209270342
594,2970,4981.60876143175,0.716798312842265
596,2980,4983.68876021572,0.733930849833513
598,2990,4985.64416704025,0.74949937694413
600,3000,4987.47493302027,0.73559397846241
602,3010,4989.18101238673,0.722863206801565
604,3020,4990.76236248774,0.721491686828071
606,3030,4992.21894378962,0.726951202559208
608,3040,4993.55071987792,0.738588872775242
610,3050,4994.75765745829,0.741809427539457
612,3060,4995.83972635738,0.729638861379902
614,3070,4996.79689952351,0.740338266943422
616,3080,4997.6291530274,0.750995383493056
618,3090,4998.33646606275,0.73260832266314
620,3100,4998.91882094678,0.736397600527057
622,3110,4999.37620312066,0.751050903977588
624,3120,4999.70860114983,0.712444492354359
626,3130,4999.91600672438,0.728429474337477
628,3140,4999.99841465917,0.747730259412814
630,3150,4999.95582289402,0.734009813174523
632,3160,4999.7882324937,0.740912697472121
634,3170,4999.49564764798,0.720059876637006
636,3180,4999.07807567145,0.747879355218459
638,3190,4998.53552700341,0.742579777479945
640,3200,4997.86801520753,0.741817974216362
642,3210,4997.07555697157,0.72704626826774
644,3220,4996.15817210695,0.734318398086891
646,3230,4995.11588354825,0.731604408644364
648,3240,4993.94871735262,0.746187100323819
650,3250,4992.65670269916,0.720654123753391
652,3260,4991.23987188816,0.731334236281886
654,3270,4989.69826034033,0.715444140064289
656,3280,4988.03190659587,0.735027645506463
658,3290,4986.24085231354,0.738057457714538
660,3300,4984.32514226959,0.726453013570493
662,3310,4982.2848243567,0.728480622326421
664,3320,4980.11994958268,0.744827491450378
666,3330,4977.83057206931,0.730217518321901
668,3340,4975.4167490509,0.721185448202115
670,3350,4972.8785408729,0.726748524739629
672,3360,4970.21601099038,0.726118308643807
674,3370,4967.42922596645,0.737718960036053
676,3380,4964.51825547059,0.730660461233634
678,3390,4961.48317227692,0.742408342966216
680,3400,4958.32405226234,0.73113573671787
682,3410,4955.04097440471,0.731389957571756
684,3420,4951.63402078079,0.736938283599316
686,3430,4948.10327656425,0.731194974231116
688,3440,4944.44883002351,0.729434597354583
690,3450,4940.67077251954,0.731221704152748
692,3460,4936.76919850358,0.746118246704846
694,3470,4932.74420551479,0.73315419436661
696,3480,4928.59589417777,0.712573811739259
698,3490,4924.32436820009,0.722158212009066
700,3500,4919.92973436968,0.734131943544687
702,3510,4915.41210255216,0.74758229816353
704,3520,4910.77158568809,0.711040106646729
706,3530,4906.00829979015,0.723710770290557
708,3540,4901.12236394023,0.715110623621353
710,3550,4896.11390028648,0.733371162303249
712,3560,4890.98303404022,0.730720701667579
714,3570,4885.72989347286,0.74246631343571
716,3580,4880.35460991262,0.715397693732164
718,3590,4874.85731774132,0.737975349715688
720,3600,4869.23815439098,0.737111341866021
722,3610,4863.49726034038,0.748733096829506
724,3620,4857.63477911158,0.736779224004891
726,3630,4851.6508572663,0.736847305691752
728,3640,4845.54564440228,0.744230200076301
730,3650,4839.31929314953,0.734902339605225
732,3660,4832.97195916649,0.725719113799608
734,3670,4826.50380113619,0.733795433288278
736,3680,4819.91498076224,0.733051764063733
738,3690,4813.20566276481,0.714711180906218
740,3700,4806.3760148765,0.722101168961315
742,3710,4799.42620783815,0.738125780939883
744,3720,4792.35641539457,0.732629889913278
746,3730,4785.16681429021,0.72253225254938
748,3740,4777.85758426472,0.738078899977761
750,3750,4770.42890804847,0.740049848582625
752,3760,4762.88097135798,0.744550531300822
754,3770,4755.21396289127,0.737274529213171
756,3780,4747.42807432315,0.742580692886918
758,3790,4739.52350030044,0.747677330340769
760,3800,4731.50043843707,0.71313278608171
762,3810,4723.35908930918,0.747436074005325
764,3820,4715.09965645005,0.727014114829216
766,3830,4706.7223463451,0.738142780126773
768,3840,4698.22736842662,0.745669171646644
770,3850,4689.61493506864,0.729045971241661
772,3860,4680.88526158153,0.74058713442424
774,3870,4672.03856620668,0.741255600014285
776,3880,4663.075070111,0.733133936984569
778,3890,4653.99499738144,0.731272560420724
780,3900,4644.79857501935,0.724878769894636
782,3910,4635.48603293479,0.747875050262873
784,3920,4626.05760394084,0.737636411767988
786,3930,4616.51352374773,0.739227082754973
788,3940,4606.85403095698,0.733961122166852
790,3950,4597.07936705539,0.752968348477647
792,3960,4587.18977640905,0.721932183171733
794,3970,4577.18550625722,0.723727452505355
796,3980,4567.06680670613,0.74972684591109
798,3990,4556.83393072273,0.723227077627194
800,4000,4546.48713412841,0.72055033472061
802,4010,4536.02667559253,0.745949144750347
804,4020,4525.452816626,0.743839520136369
806,4030,4514.76582157477,0.737237654829046
808,4040,4503.96595761314,0.731181993392815
810,4050,4493.05349473715,0.72897681868048
812,4060,4482.0287057578,0.731219805462795
814,4070,4470.89186629425,0.738088810367603
816,4080,4459.6432547669,0.744102596832419
818,4090,4448.28315239045,0.733210946159546
820,4100,4436.81184316688,0.722913983577978
822,4110,4425.22961387831,0.739341941232067
824,4120,4413.53675407987,0.731846743484098
826,4130,4401.73355609245,0.742436023680981
828,4140,4389.82031499539,0.717414129140518
830,4150,4377.79732861909,0.731403833636538
832,4160,4365.66489753758,0.744577209354265
834,4170,4353.42332506102,0.730140379415138
836,4180,4341.07291722806,0.754223586329707
838,4190,4328.61398279828,0.747506724010009
840,4200,4316.04683324437,0.731907657163788
842,4210,4303.37178274442,0.741420960853593
844,4220,4290.58914817404,0.740078182982834
846,4230,4277.69924909843,0.727234595365313
848,4240,4264.70240776438,0.74236469034594
850,4250,4251.59894909226,0.744907641879006
852,4260,4238.38920066785,0.753461708863799
854,4270,4225.07349273417,0.750875840353837
856,4280,4211.65215818323,0.724065719233825
858,4290,4198.12553254769,0.746756613568299
860,4300,4184.49395399249,0.752888238532949
862,4310,4170.75776330638,0.736939315355856
864,4320,4156.91730389342,0.733801235269759
866,4330,4142.97292176436,0.74587895734266
868,4340,4128.92496552804,0.739466725876544
870,4350,4114.77378638263,0.737771568747604
872,4360,4100.51973810687,0.738930649994571
874,4370,4086.16317705123,0.737885082900879
876,4380,4071.70446212898,0.72147775033127
878,4390,4057.14395480725,0.731820274419518
880,4400,4042.48201909795,0.747193751810124
882,4410,4027.71902154872,0.743121099766165
884,4420,4012.85533123374,0.750826128677784
886,4430,3997.89131974447,0.720870638732535
888,4440,3982.82736118043,0.760402365206288
890,4450,3967.66383213981,0.732639592742893
892,4460,3952.40111171002,0.748708622943989
894,4470,3937.0395814583,0.740617306605509
896,4480,3921.5796254221,0.741339626408296
898,4490,3906.02163009951,0.757187679291934
900,4500,3890.36598443961,0.745685404007145
902,4510,3874.61307983271,0.74295494925667
904,4520,3858.76331010063,0.72158032235915
906,4530,3842.81707148677,0.741889071704433
908,4540,3826.77476264627,0.731893587057651
910,4550,3810.63678463601,0.74152213268818
912,4560,3794.40354090461,0.734530074331239
914,4570,3778.07543728231,0.748866917461755
916,4580,3761.65288197085,0.742801534896371
918,4590,3745.13628553327,0.732222643075408
920,4600,3728.5260608836,0.741111980034457
922,4610,3711.82262327661,0.748992667930574
924,4620,3695.02639029735,0.742808293062983
926,4630,3678.13778185079,0.736296798987215
928,4640,3661.15722015126,0.751439973463211
930,4650,3644.0851297119,0.750212225080258
932,4660,3626.9219373341,0.73859079373374
934,4670,3609.66807209676,0.744865679994478
936,4680,3592.32396534563,0.741587638919989
938,4690,3574.89005068246,0.737498010002711
940,4700,3557.36676395422,0.73860891406903
942,4710,3539.75454324216,0.72689266506433
944,4720,3522.05382885088,0.751114646026129
946,4730,3504.26506329732,0.776025429866984
948,4740,3486.38869129969,0.750670012246343
950,4750,3468.42515976636,0.754821567915152
952,4760,3450.37491778468,0.762326042632416
954,4770,3432.23841660977,0.736252413268059
956,4780,3414.0161096532,0.742026345269048
958,4790,3395.7084524717,0.728612335889034
960,4800,3377.31590275575,0.755941924251914
962,4810,3358.83892031814,0.742515676509333
964,4820,3340.27796708245,0.748115204814677
966,4830,3321.63350707157,0.727074481881052
968,4840,3302.906006396,0.763416648618803
970,4850,3284.09593324231,0.756906744350354
972,4860,3265.20375786132,0.744369439392682
974,4870,3246.22995255646,0.778058577251149
976,4880,3227.17499167185,0.735835929785717
978,4890,3208.03935158054,0.736542057091133
980,4900,3188.82351067252,0.757390401243159
982,4910,3169.52794934282,0.758881554918285
984,4920,3150.15314997946,0.744576941431771
986,4930,3130.69959695143,0.746937010092559
988,4940,3111.16777659652,0.745939771363544
990,4950,3091.55817720925,0.744706224646071
992,4960,3071.87128902856,0.747135749975296
994,4970,3052.10760422564,0.748547125208156
996,4980,3032.26761689157,0.757933573433703
998,4990,3012.35182302502,0.760558276780077
1000,5000,2992.36072051978,0.753636165695326
1002,5010,2972.29480915238,0.752356697694193
1004,5020,2952.15459056956,0.744532026184759
1006,5030,2931.94056827574,0.737545801985628
1008,5040,2911.65324762041,0.749971354430367
1010,5050,2891.29313578554,0.742737503759179
1012,5060,2870.86074177286,0.737785678789818
1014,5070,2850.35657639116,0.765039347736827
1016,5080,2829.78115224351,0.75646352040938
1018,5090,2809.13498371444,0.770880008562679
1020,5100,2788.41858695708,0.764449387307828
1022,5110,2767.63247988028,0.745157175142276
1024,5120,2746.77718213563,0.739408383239443
1026,5130,2725.85321510449,0.741534957462839
1028,5140,2704.86110188494,0.745567597090924
1030,5150,2683.80136727872,0.73759641922986
1032,5160,2662.67453777811,0.754020736770833
1034,5170,2641.48114155272,0.742461158745962
1036,5180,2620.22170843638,0.740005330607521
1038,5190,2598.89676991379,0.756916019957853
1040,5200,2577.50685910732,0.758244802341091
1042,5210,2556.05251076361,0.755537665375499
1044,5220,2534.53426124027,0.76402009436885
1046,5230,2512.95264849239,0.757937808327556
1048,5240,2491.30821205919,0.75638191135443
1050,5250,2469.60149305045,0.743049074441052
1052,5260,2447.833034133,0.742073497933971
1054,5270,2426.00337951719,0.750512081491802
1056,5280,2404.11307494324,0.760663201584199
1058,5290,2382.16266766764,0.756429748591893
1060,5300,2360.15270644941,0.759645432651694
1062,5310,2338.08374153645,0.755288540362843
1064,5320,2315.95632465173,0.767389649854056
1066,5330,2293.77100897951,0.741606468707424
1068,5340,2271.52834915153,0.78626649576478
1070,5350,2249.22890123313,0.756807088790182
1072,5360,2226.87322270936,0.747034863234352
1074,5370,2204.46187247099,0.750821864972688
1076,5380,2181.99541080063,0.726652008325217
1078,5390,2159.47439935865,0.765472043370052
1080,5400,2136.89940116915,0.761105127400966
1082,5410,2114.27098060592,0.759969847362954
1084,5420,2091.58970337829,0.775447146019595
1086,5430,2068.85613651702,0.764602935356683
1088,5440,2046.07084836009,0.776331063080565
1090,5450,2023.23440853851,0.762305662781579
1092,5460,2000.3473879621,0.766956828149956
1094,5470,1977.41035880517,0.771697448214513
1096,5480,1954.42389449226,0.766959903354144
1098,5490,1931.38856968378,0.754741002760781
1100,5500,1908.30496026166,0.759254245830029
1102,5510,1885.17364331492,0.751710543278224
1104,5520,1861.99519712528,0.750677410046106
1106,5530,1838.77020115269,0.745374390495343
1108,5540,1815.49923602084,0.755186462241337
1110,5550,1792.18288350265,0.759464849260283
1112,5560,1768.82172650571,0.741864927413404
1114,5570,1745.41634905774,0.760218342178646
1116,5580,1721.96733629195,0.760328356824187
1118,5590,1698.47527443244,0.760471205826765
1120,5600,1674.94075077952,0.764355715015898
1122,5610,1651.36435369508,0.74383904981589
1124,5620,1627.7466725878,0.743987321305975
1126,5630,1604.08829789849,0.765074052635806
1128,5640,1580.38982108527,0.743617441671079
1130,5650,1556.65183460884,0.758854294586654
1132,5660,1532.87493191761,0.762818321483772
1134,5670,1509.05970743293,0.753624223151443
1136,5680,1485.20675653416,0.754177712112268
1138,5690,1461.31667554383,0.776060662266052
1140,5700,1437.39006171272,0.747959502226908
1142,5710,1413.42751320494,0.771049388440114
1144,5720,1389.42962908293,0.770560780739535
1146,5730,1365.39700929257,0.748290824011883
1148,5740,1341.33025464809,0.746603392872377
1150,5750,1317.2299668171,0.766596912124072
1152,5760,1293.09674830555,0.75110620459889
1154,5770,1268.93120244264,0.764718292407176
1156,5780,1244.73393336576,0.758820801905588
1158,5790,1220.50554600538,0.772204518415154
1160,5800,1196.24664606991,0.771737900619867
1162,5810,1171.9578400306,0.762177428234964
1164,5820,1147.63973510632,0.773871539852202
1166,5830,1123.29293924844,0.754917506713587
1168,5840,1098.91806112558,0.771342637675546
1170,5850,1074.51571010843,0.743709564058052
1172,5860,1050.0864962545,0.765042728903244
1174,5870,1025.63103029284,0.75975757682996
1176,5880,1001.14992360885,0.765964029815832
1178,5890,976.643788228914,0.763630617017409
1180,5900,952.113236805135,0.758733593133763
1182,5910,927.558882600027,0.748783613842327
1184,5920,902.981339471165,0.75595928450593
1186,5930,878.381221855845,0.755347930150751
1188,5940,853.759144755727,0.755940575134741
1190,5950,829.115723721458,0.759991888618133
1192,5960,804.451574837279,0.759842813170204
1194,5970,779.767314705628,0.75548493446702
1196,5980,755.063560431719,0.776081847734435
1198,5990,730.340929608128,0.756630625542148
1200,6000,705.600040299336,0.748824261764979
1202,6010,680.841511026286,0.760604730547046
1204,6020,656.065960750919,0.781295143348238
1206,6030,631.274008860705,0.742869855839901
1208,6040,606.466275153149,0.755041864340791
1210,6050,581.6433798203,0.755060748870188
1212,6060,556.805943433248,0.743206797990635
1214,6070,531.954586926612,0.75716020097366
1216,6080,507.089931583009,0.766308026422923
1218,6090,482.212599017528,0.779256809014405
1220,6100,457.323211162184,0.759536630134509
1222,6110,432.422390250382,0.761220419745294
1224,6120,407.510758801346,0.773763010934934
1226,6130,382.588939604564,0.765046962614265
1228,6140,357.657555704216,0.766474132879864
1230,6150,332.717230383606,0.759556624629344
1232,6160,307.768587149566,0.783822831993013
1234,6170,282.812249716876,0.781369575698703
1236,6180,257.848841992673,0.751715930044945
1238,6190,232.878988060848,0.761350114705078
1240,6200,207.903312166452,0.761063792590615
1242,6210,182.922438700081,0.773337277894293
1244,6220,157.936992182269,0.758444106510389
1246,6230,132.947597247877,0.770424438723458
1248,6240,107.95487863048,0.750756413379635
1250,6250,82.9594611467395,0.764575576398305
1252,6260,57.9619696807914,0.767932494124864
1254,6270,32.9630291686178,0.751023299185122
1256,6280,7.96326458243414,0.759403697592818
1258,6290,-17.0366990849494,0.773491661976855
1260,6300,-42.0362368357431,0.785180327956608
1262,6310,-67.0347236828075,0.768353698209104
1264,6320,-92.031534665269,0.766002797179607
1266,6330,-117.026044864157,0.778168346987247
1268,6340,-142.017629418019,0.767541519376956
1270,6350,-167.005663538544,0.755792529749743
1272,6360,-191.989522526177,0.762668214408615
1274,6370,-216.968581785746,0.753040066829713
1276,6380,-241.942216842071,0.768735300548817
1278,6390,-266.909803355578,0.770196150617411
1280,6400,-291.8707171379,0.758141907158775
1282,6410,-316.824334167496,0.756775895173477
1284,6420,-341.770030605239,0.775165594378169
1286,6430,-366.707182810017,0.742400710492543
1288,6440,-391.635167354326,0.773222748038068
1290,6450,-416.553361039848,0.757116243176949
1292,6460,-441.461140913038,0.78221305544213
1294,6470,-466.357884280698,0.770763253676383
1296,6480,-491.242968725543,0.754147321198309
1298,6490,-516.115772121754,0.755198185788981
1300,6500,-540.975672650542,0.772571536560048
1302,6510,-565.82204881569,0.751316928843963
1304,6520,-590.654279459089,0.767342904645237
1306,6530,-615.471743776263,0.764541058810755
1308,6540,-640.273821331898,0.75200106586823
1310,6550,-665.059892075348,0.770998199696514
1312,6560,-689.829336356136,0.762294932110672
1314,6570,-714.581534939442,0.764043327739956
1316,6580,-739.315869021593,0.763838091002837
1318,6590,-764.031720245523,0.771770856556261
1320,6600,-788.728470716243,0.762122691352479
1322,6610,-813.405503016273,0.773436935536313
1324,6620,-838.062200221092,0.752300251517815
1326,6630,-862.697945914554,0.764211109511109
1328,6640,-887.312124204303,0.753405492825128
1330,6650,-911.904119737159,0.7498880057246
1332,6660,-936.473317714516,0.770727093235343
1334,6670,-961.019103907705,0.783689379954249
1336,6680,-985.540864673349,0.767781312924805
1338,6690,-1010.03798696871,0.759095611018639
1340,6700,-1034.509858367,0.76608144330593
1342,6710,-1058.95586707271,0.762866432354136
1344,6720,-1083.3754019369,0.776927706519032
1346,6730,-1107.76785247247,0.769345541051513
1348,6740,-1132.13260886942,0.765748679681852
1350,6750,-1156.46906201011,0.775109599654611
1352,6760,-1180.77660348448,0.780736309894605
1354,6770,-1205.05462560527,0.76685260863402
1356,6780,-1229.30252142318,0.75719882986924
1358,6790,-1253.51968474209,0.778485779258591
1360,6800,-1277.70551013416,0.765428213594107
1362,6810,-1301.85939295502,0.770697589628355
1364,6820,-1325.98072935887,0.77379891699565
1366,6830,-1350.06891631354,0.758432363275846
1368,6840,-1374.12335161562,0.75029080723809
1370,6850,-1398.14343390548,0.760798702388705
1372,6860,-1422.12856268231,0.779495622223725
1374,6870,-1446.07813831915,0.760145011097944
1376,6880,-1469.99156207784,0.761414045092588
1378,6890,-1493.86823612404,0.754130557868909
1380,6900,-1517.70756354215,0.77251554018899
1382,6910,-1541.50894835021,0.761198765139484
1384,6920,-1565.27179551485,0.753307930565155
1386,6930,-1588.99551096613,0.761968215154044
1388,6940,-1612.67950161239,0.744019763202978
1390,6950,-1636.32317535511,0.757754588865487
1392,6960,-1659.92594110367,0.763428869999694
1394,6970,-1683.48720879016,0.76212228560965
1396,6980,-1707.0063893841,0.772144788489357
1398,6990,-1730.48289490722,0.74990966847723
1400,7000,-1753.9161384481,0.762645895355957
1402,7010,-1777.30553417686,0.767514527864948
1404,7020,-1800.65049735984,0.7656173422571
1406,7030,-1823.95044437417,0.766592348064658
1408,7040,-1847.20479272239,0.765103580834662
1410,7050,-1870.41296104699,0.763440665910536
1412,7060,-1893.57436914499,0.74770155136924
1414,7070,-1916.68843798238,0.760168721838663
1416,7080,-1939.75458970865,0.76147363776038
1418,7090,-1962.77224767121,0.771474174432709
1420,7100,-1985.7408364298,0.76186479182117
1422,7110,-2008.65978177091,0.755062784429721
1424,7120,-2031.52851072208,0.760482495633284
1426,7130,-2054.3464515663,0.75381497059799
1428,7140,-2077.11303385623,0.762739531472547
1430,7150,-2099.82768842849,0.757222534118618
1432,7160,-2122.48984741791,0.761527371568926
1434,7170,-2145.09894427169,0.76653722300964
1436,7180,-2167.65441376359,0.74685278268246
1438,7190,-2190.15569200804,0.757962716579451
1440,7200,-2212.60221647426,0.750644726559559
1442,7210,-2234.99342600031,0.760925192885697
1444,7220,-2257.32876080712,0.762094145375541
1446,7230,-2279.60766251247,0.756756144649911
1448,7240,-2301.82957414499,0.774118006702967
1450,7250,-2323.99394015805,0.76725482854854
1452,7260,-2346.10020644364,0.772225351604988
1454,7270,-2368.14782034626,0.769085951249291
1456,7280,-2390.13623067671,0.777636018756982
1458,7290,-2412.06488772589,0.764565162060993
1460,7300,-2433.9332432785,0.765095789648842
1462,7310,-2455.74075062679,0.755086645467295
1464,7320,-2477.48686458422,0.744717988814023
1466,7330,-2499.17104149908,0.752943371965363
1468,7340,-2520.79273926806,0.762146895684932
1470,7350,-2542.35141734985,0.766679895469406
1472,7360,-2563.84653677862,0.750200087125318
1474,7370,-2585.2775601775,0.737878522762259
1476,7380,-2606.64395177203,0.762546732075653
1478,7390,-2627.94517740353,0.76582192559946
1480,7400,-2649.18070454247,0.751735047369294
1482,7410,-2670.35000230177,0.765838336334198
1484,7420,-2691.45254145009,0.754622382666072
1486,7430,-2712.48779442505,0.761598535428225
1488,7440,-2733.45523534644,0.758909588287495
1490,7450,-2754.3543400293,0.75148192426722
1492,7460,-2775.18458599712,0.746991148342339
1494,7470,-2795.94545249483,0.749387891766781
1496,7480,-2816.63642050185,0.770736052059362
1498,7490,-2837.25697274506,0.742720144383588
1500,7500,-2857.80659371172,0.76122979145345
1502,7510,-2878.28476966238,0.751941901384018
1504,7520,-2898.69098864372,0.755805424558315
1506,7530,-2919.0247405013,0.748008342046815
1508,7540,-2939.28551689241,0.764065508870316
1510,7550,-2959.47281129869,0.751600468617519
1512,7560,-2979.58611903882,0.749507099405534
1514,7570,-2999.62493728116,0.746377705774281
1516,7580,-3019.5887650563,0.753136790249044
1518,7590,-3039.47710326959,0.758876019449227
1520,7600,-3059.2894547136,0.75313752400373
1522,7610,-3079.02532408057,0.769397386346746
1524,7620,-3098.68421797482,0.752739402929769
1526,7630,-3118.265644925,0.743660175942776
1528,7640,-3137.76911539647,0.742482990447369
1530,7650,-3157.19414180348,0.754724897907899
1532,7660,-3176.54023852138,0.76483632244018
1534,7670,-3195.80692189876,0.755323419497971
1536,7680,-3214.99371026954,0.754358194037117
1538,7690,-3234.10012396502,0.753841277597086
1540,7700,-3253.12568532584,0.753221569612676
1542,7710,-3272.06991871395,0.742712062335426
1544,7720,-3290.93235052452,0.745776333796298
1546,7730,-3309.71250919774,0.753758980313127
1548,7740,-3328.4099252306,0.769963749700197
1550,7750,-3347.02413118868,0.759869783140946
1552,7760,-3365.55466171781,0.76041388373853
1554,7770,-3384.00105355568,0.75706519360169
1556,7780,-3402.36284554347,0.735305614667859
1558,7790,-3420.63957863732,0.760800479753337
1560,7800,-3438.83079591987,0.721598303172488
1562,7810,-3456.93604261162,0.74515524955963
1564,7820,-3474.95486608236,0.754387095688797
1566,7830,-3492.88681586243,0.750027661854814
1568,7840,-3510.73144365403,0.752745227941661
1570,7850,-3528.48830334238,0.737290146748373
1572,7860,-3546.15695100693,0.736049535046538
1574,7870,-3563.7369449324,0.747012340780435
1576,7880,-3581.22784561985,0.742855318753465
1578,7890,-3598.62921579769,0.734841717560788
1580,7900,-3615.94062043256,0.737953144817194
1582,7910,-3633.16162674025,0.747437307039618
1584,7920,-3650.2918041965,0.725275403154202
1586,7930,-3667.33072454776,0.730104831839654
1588,7940,-3684.27796182192,0.755540864017385
1590,7950,-3701.13309233892,0.745074721984666
1592,7960,-3717.89569472137,0.769130589613371
1594,7970,-3734.5653499051,0.748658469762925
1596,7980,-3751.14164114959,0.750701213362059
1598,7990,-3767.62415404843,0.735885845761592
1600,8000,-3784.01247653964,0.758575591521666
1602,8010,-3800.30619891602,0.741573911605714
1604,8020,-3816.50491383537,0.725663382811602
1606,8030,-3832.60821633064,0.726240242534654
1608,8040,-3848.61570382012,0.736667187607676
1610,8050,-3864.52697611745,0.744601898988679
1612,8060,-3880.34163544166,0.718559511655386
1614,8070,-3896.05928642708,0.733376264721369
1616,8080,-3911.67953613326,0.736591023701945
1618,8090,-3927.20199405477,0.74678578614883
1620,8100,-3942.62627213097,0.73776368159617
1622,8110,-3957.95198475572,0.724542876031833
1624,8120,-3973.17874878699,0.740449115682443
1626,8130,-3988.30618355647,0.760807899051098
1628,8140,-4003.33391087909,0.73549475380062
1630,8150,-4018.26155506244,0.739218853021194
1632,8160,-4033.0887429162,0.747130674272089
1634,8170,-4047.81510376145,0.726864297837688
1636,8180,-4062.44026943992,0.712864601992794
1638,8190,-4076.96387432324,0.745349582910179
1640,8200,-4091.38555532205,0.731188398693332
1642,8210,-4105.70495189507,0.755108787127224
1644,8220,-4119.92170605813,0.726019658757232
1646,8230,-4134.03546239311,0.73433113796038
1648,8240,-4148.04586805685,0.719980332984398
1650,8250,-4161.95257278994,0.72849451630309
1652,8260,-4175.75522892547,0.735637912461276
1654,8270,-4189.45349139776,0.729423812565773
1656,8280,-4203.04701775097,0.745972603914808
1658,8290,-4216.53546814765,0.733969527061356
1660,8300,-4229.91850537723,0.726875504507929
1662,8310,-4243.19579486449,0.742894740654618
1664,8320,-4256.36700467787,0.712227414547576
1666,8330,-4269.43180553783,0.732364460233242
1668,8340,-4282.38987082501,0.73709662485734
1670,8350,-4295.24087658846,0.737575388006367
1672,8360,-4307.9845015537,0.737743640473167
1674,8370,-4320.62042713079,0.729079072881009
1676,8380,-4333.14833742222,0.739454002705007
1678,8390,-4345.56791923091,0.729435707223135
1680,8400,-4357.87886206794,0.70960779637565
1682,8410,-4370.0808581604,0.727645676429115
1684,8420,-4382.17360245901,0.720449161457242
1686,8430,-4394.15679264579,0.718499645524206
1688,8440,-4406.03012914163,0.723772751054181
1690,8450,-4417.79331511371,0.719367109779707
1692,8460,-4429.44605648301,0.724687943262541
1694,8470,-4440.9880619316,0.739682551542344
1696,8480,-4452.41904290994,0.738038135422866
1698,8490,-4463.73871364411,0.741215367532606
1700,8500,-4474.94679114292,0.718587956142515
1702,8510,-4486.04299520502,0.727335135612876
1704,8520,-4497.02704842589,0.743853393288878
1706,8530,-4507.89867620477,0.729433425892138
1708,8540,-4518.65760675153,0.713151939551095
1710,8550,-4529.30357109347,0.730335501170836
1712,8560,-4539.83630308203,0.731975479214193
1714,8570,-4550.25553939946,0.718251825680028
1716,8580,-4560.5610195654,0.714271427635449
1718,8590,-4570.75248594338,0.724709128541494
1720,8600,-4580.82968374727,0.728112739129703
1722,8610,-4590.79236104766,0.724714047100241
1724,8620,-4600.64026877812,0.703774293539848
1726,8630,-4610.37316074148,0.716443416258158
1728,8640,-4619.99079361594,0.704738549436722
1730,8650,-4629.49292696119,0.705607388745562
1732,8660,-4638.87932322438,0.725363967378419
1734,8670,-4648.1497477461,0.715711717282777
1736,8680,-4657.30396876621,0.717918920248937
1738,8690,-4666.34175742968,0.710266075976593
1740,8700,-4675.26288779225,0.726388382682662
1742,8710,-4684.06713682612,0.706480109517289
1744,8720,-4692.75428442554,0.696526055100285
1746,8730,-4701.32411341226,0.718497079183662
1748,8740,-4709.776409541,0.718725150051694
1750,8750,-4718.11096150481,0.71308078546718
1752,8760,-4726.32756094032,0.735367581883384
1754,8770,-4734.42600243296,0.712677771895387
1756,8780,-4742.40608352213,0.707792264637612
1758,8790,-4750.26760470621,0.712751649620219
1760,8800,-4758.01036944758,0.706426133671736
1762,8810,-4765.63418417753,0.721961830522635
1764,8820,-4773.13885830108,0.69501634453325
1766,8830,-4780.52420420178,0.698268953725847
1768,8840,-4787.79003724636,0.708108343937116
1770,8850,-4794.93617578937,0.702208662759446
1772,8860,-4801.96244117772,0.70569903125191
1774,8870,-4808.86865775514,0.707238112305097
1776,8880,-4815.65465286658,0.720269656129689
1778,8890,-4822.32025686252,0.713452514876933
1780,8900,-4828.86530310319,0.693431353835254
1782,8910,-4835.2896279628,0.695059241420716
1784,8920,-4841.59307083354,0.701121151794341
1786,8930,-4847.77547412967,0.724801625089166
1788,8940,-4853.83668329144,0.69607510313943
1790,8950,-4859.77654678893,0.697955074572452
1792,8960,-4865.59491612587,0.697591476023813
1794,8970,-4871.29164584332,0.699740427909297
1796,8980,-4876.86659352333,0.677315875354386
1798,8990,-4882.31961979251,0.708637657566033
1800,9000,-4887.65058832548,0.689463315832641
1802,9010,-4892.85936584832,0.710326265204442
1804,9020,-4897.94582214183,0.710819753379272
1806,9030,-4902.9098300449,0.68010968776492
1808,9040,-4907.75126545758,0.710657418126589
1810,9050,-4912.47000734423,0.68599398095378
1812,9060,-4917.06593773655,0.683536523624559
1814,9070,-4921.53894173653,0.692435070820095
1816,9080,-4925.8889075193,0.686095957509846
1818,9090,-4930.11572633593,0.677146288282199
1820,9100,-4934.21929251618,0.70034147993798
1822,9110,-4938.19950347111,0.701248790704223
1824,9120,-4942.05625969565,0.697391852010929
1826,9130,-4945.7894647711,0.688020191628404
1828,9140,-4949.39902536752,0.700396613292179
1830,9150,-4952.88485124609,0.695286159695911
1832,9160,-4956.24685526133,0.68365852584043
1834,9170,-4959.48495336334,0.696418781323037
1836,9180,-4962.59906459982,0.680441920893614
1838,9190,-4965.58911111815,0.675807368553205
1840,9200,-4968.45501816732,0.688915739144243
1842,9210,-4971.19671409982,0.690699128068444
1844,9220,-4973.81413037338,0.674363120201364
1846,9230,-4976.30720155273,0.703311628212705
1848,9240,-4978.67586531123,0.682240703330805
1850,9250,-4980.9200624324,0.69369477693121
1852,9260,-4983.03973681143,0.683806631433495
1854,9270,-4985.03483545657,0.663613477072317
1856,9280,-4986.90530849047,0.665845258456827
1858,9290,-4988.65110915138,0.69398021133789
1860,9300,-4990.2721937944,0.672050577408931
1862,9310,-4991.76852189248,0.705117693502022
1864,9320,-4993.14005603749,0.680841605133903
1866,9330,-4994.38676194117,0.689884401273243
1868,9340,-4995.50860843592,0.67595137550154
1870,9350,-4996.50556747565,0.671289577494392
1872,9360,-4997.37761413642,0.689406327559565
1874,9370,-4998.12472661712,0.669126977701402
1876,9380,-4998.74688623997,0.658079409256146
1878,9390,-4999.24407745102,0.660297720231036
1880,9400,-4999.6162878205,0.684883112477014
1882,9410,-4999.86350804319,0.671179660653299
1884,9420,-4999.98573193859,0.67917333830171
1886,9430,-4999.9829564511,0.678239897112658
1888,9440,-4999.85518165012,0.663891333974196
1890,9450,-4999.60241073001,0.673261238561273
1892,9460,-4999.22465001002,0.679157703487406
1894,9470,-4998.72190893416,0.669551442027105
1896,9480,-4998.09420007093,0.672298818306216
1898,9490,-4997.34153911301,0.66829612518993
1900,9500,-4996.46394487689,0.677888444797234
1902,9510,-4995.46143930238,0.657457235417083
1904,9520,-4994.33404745207,0.67714981283169
1906,9530,-4993.08179751069,0.656597843164818
1908,9540,-4991.70472078444,0.658721292301615
1910,9550,-4990.20285170015,0.665807285244278
1912,9560,-4988.57622780447,0.656336675149261
1914,9570,-4986.82488976291,0.668251802354342
1916,9580,-4984.94888135885,0.671094302640814
1918,9590,-4982.94824949238,0.678011642062204
1920,9600,-4980.8230441792,0.672146152368839
1922,9610,-4978.57331854934,0.668431353769723
1924,9620,-4976.19912884581,0.665941877662125
1926,9630,-4973.70053442324,0.663252840528288
1928,9640,-4971.07759774636,0.660192617431124
1930,9650,-4968.33038438844,0.665762106985268
1932,9660,-4965.45896302968,0.651602047057685
1934,9670,-4962.46340545546,0.657631951250944
1936,9680,-4959.34378655456,0.676038571002877
1938,9690,-4956.1001843173,0.661681192579807
1940,9700,-4952.73267983357,0.657654436426138
1942,9710,-4949.24135729079,0.655304991081014
1944,9720,-4945.62630397185,0.670641859267791
1946,9730,-4941.8876102529,0.627842021728529
1948,9740,-4938.02536960108,0.652392586496307
1950,9750,-4934.03967857221,0.645512210763936
1952,9760,-4929.93063680835,0.639938659708448
1954,9770,-4925.69834703534,0.634756675056879
1956,9780,-4921.34291506021,0.646306911903076
1958,9790,-4916.86444976851,0.645349843079805
1960,9800,-4912.26306312166,0.642117645504581
1962,9810,-4907.53887015408,0.649614358776634
1964,9820,-4902.69198897034,0.639796559322435
1966,9830,-4897.72254074223,0.643429202804535
1968,9840,-4892.63064970569,0.652943107047783
1970,9850,-4887.41644315773,0.631131355918804
1972,9860,-4882.08005145325,0.645867719937205
1974,9870,-4876.62160800175,0.636557452820971
1976,9880,-4871.04124926405,0.637977326411464
1978,9890,-4865.33911474881,0.644145566422871
1980,9900,-4859.5153470091,0.641684414496387
1982,9910,-4853.57009163883,0.640929937952706
1984,9920,-4847.50349726904,0.642491584757146
1986,9930,-4841.31571556431,0.641428958945492
1988,9940,-4835.00690121883,0.644720218418199
1990,9950,-4828.57721195265,0.631595321415671
1992,9960,-4822.02680850765,0.640175476830273
1994,9970,-4815.35585464359,0.649745704673407
1996,9980,-4808.56451713397,0.624653420988439
1998,9990,-4801.65296576186,0.632704821689719
2000,10000,-4794.62137331569,0.634814622187827
2002,10010,-4787.46991558491,0.648466323576878
2004,10020,-4780.19877135559,0.616320447036059
2006,10030,-4772.80812240595,0.641514134788119
2008,10040,-4765.29815350184,0.629035738365874
2010,10050,-4757.66905239208,0.619489428165659
2012,10060,-4749.9210098038,0.617706138734856
2014,10070,-4742.05421943768,0.618488918624703
2016,10080,-4734.06887796304,0.611897446715931
2018,10090,-4725.96518501303,0.619504841869778
2020,10100,-4717.74334317953,0.615227080581194
2022,10110,-4709.40355800817,0.637070522623615
2024,10120,-4700.94603799314,0.632156000787249
2026,10130,-4692.370994572,0.61936733957058
2028,10140,-4683.67864212039,0.620549733626829
2030,10150,-4674.86919794667,0.622170571556077
2032,10160,-4665.94288228649,0.627387789821985
2034,10170,-4656.89991829726,0.624098222242918
2036,10180,-4647.74053205263,0.588182401839954
2038,10190,-4638.46495253676,0.600950464592366
2040,10200,-4629.07341163866,0.608002502524619
2042,10210,-4619.56614414637,0.62122857756904
2044,10220,-4609.94338774108,0.621880112490596
2046,10230,-4600.2053829912,0.60309231512133
2048,10240,-4590.35237334633,0.612973340866636
2050,10250,-4580.38460513122,0.605818984988059
2052,10260,-4570.30232753954,0.611480014248225
2054,10270,-4560.1057926277,0.619228982495054
2056,10280,-4549.79525530855,0.601746664950265
2058,10290,-4539.37097334499,0.625538841320876
2060,10300,-4528.83320734352,0.598999855442759
2062,10310,-4518.18222074775,0.59859449629924
2064,10320,-4507.41827983177,0.609969352222101
2066,10330,-4496.54165369357,0.596055915706401
2068,10340,-4485.55261424821,0.589643255334901
2070,10350,-4474.45143622112,0.594296784494568
2072,10360,-4463.23839714117,0.610463302075108
2074,10370,-4451.91377733375,0.596711911456992
2076,10380,-4440.47785991377,0.59450541350038
2078,10390,-4428.93093077857,0.601869827120873
2080,10400,-4417.27327860077,0.588276077642763
2082,10410,-4405.50519482107,0.609116771311621
2084,10420,-4393.62697364095,0.584662089640701
2086,10430,-4381.63891201533,0.605594835413678
2088,10440,-4369.54130964511,0.604928898404862
2090,10450,-4357.33446896974,0.566356886943469
2092,10460,-4345.01869515958,0.583287703381686
2094,10470,-4332.59429610835,0.589360093201393
2096,10480,-4320.06158242537,0.601802307015755
2098,10490,-4307.42086742784,0.590365151640571
2100,10500,-4294.67246713296,0.586876707676444
2102,10510,-4281.81670025009,0.57374018966064
2104,10520,-4268.85388817272,0.585994923861666
2106,10530,-4255.78435497048,0.589826185466181
2108,10540,-4242.60842738102,0.599255675609714
2110,10550,-4229.32643480185,0.575232766069516
2112,10560,-4215.93870928208,0.574000571699061
2114,10570,-4202.44558551417,0.585105018465727
2116,10580,-4188.84740082549,0.570835261972433
2118,10590,-4175.14449516996,0.582881072865383
2120,10600,-4161.33721111951,0.576878861638272
2122,10610,-4147.42589385551,0.564954117064824
2124,10620,-4133.41089116018,0.572385525172138
2126,10630,-4119.29255340785,0.576747868609671
2128,10640,-4105.07123355623,0.564276850794154
2130,10650,-4090.74728713759,0.570278241930546
2132,10660,-4076.32107224982,0.553760985858423
2134,10670,-4061.79294954755,0.566203317933332
2136,10680,-4047.1632822331,0.554214330889654
2138,10690,-4032.43243604738,0.5741012535831
2140,10700,-4017.60077926078,0.563709906911417
2142,10710,-4002.66868266395,0.577629598928693
2144,10720,-3987.63651955852,0.554951920220639
2146,10730,-3972.5046657478,0.579574427915103
2148,10740,-3957.27349952733,0.558164600222077
2150,10750,-3941.94340167548,0.553218301167468
2152,10760,-3926.5147554439,0.55217808405992
2154,10770,-3910.98794654794,0.551602957245101
2156,10780,-3895.36336315702,0.55620831996909
2158,10790,-3879.64139588489,0.555358787120682
2160,10800,-3863.82243777994,0.533105762835085
2162,10810,-3847.90688431528,0.54975007412008
2164,10820,-3831.89513337892,0.549837474459858
2166,10830,-3815.78758526381,0.569822844349557
2168,10840,-3799.58464265781,0.558797333236348
2170,10850,-3783.28671063363,0.541920917611312
2172,10860,-3766.89419663873,0.542646799275258
2174,10870,-3750.40751048511,0.572506056993754
2176,10880,-3733.82706433906,0.556427363295328
2178,10890,-3717.15327271087,0.555866683696435
2180,10900,-3700.38655244447,0.5530407652205
2182,10910,-3683.52732270699,0.533109840848418
2184,10920,-3666.57600497828,0.535262874197508
2186,10930,-3649.53302304042,0.542143841629991
2188,10940,-3632.39880296706,0.54976050426807
2190,10950,-3615.17377311282,0.534334984624716
2192,10960,-3597.85836410254,0.537918494564216
2194,10970,-3580.45300882054,0.542108467031695
2196,10980,-3562.95814239981,0.550548503952714
2198,10990,-3545.37420221108,0.548320385171826
2200,11000,-3527.70162785196,0.52918502848925
2202,11010,-3509.94086113587,0.531565030662838
2204,11020,-3492.09234608107,0.525429839996301
2206,11030,-3474.15652889949,0.525368052738037
2208,11040,-3456.13385798563,0.527246123605016
2210,11050,-3438.02478390533,0.523722682428173
2212,11060,-3419.8297593845,0.518034192762177
2214,11070,-3401.5492392978,0.524688807415943
2216,11080,-3383.18368065728,0.512762050819446
2218,11090,-3364.73354260096,0.533657976633415
2220,11100,-3346.19928638131,0.522336791412379
2222,11110,-3327.58137535379,0.517696053614984
2224,11120,-3308.88027496518,0.539289174627195
2226,11130,-3290.09645274205,0.516680713599227
2228,11140,-3271.23037827896,0.527839489355649
2230,11150,-3252.28252322678,0.513921254293335
2232,11160,-3233.25336128092,0.511606948191845
2234,11170,-3214.14336816942,0.505345501881641
2236,11180,-3194.95302164112,0.527853178651615
2238,11190,-3175.68280145368,0.512610500532104
2240,11200,-3156.3331893616,0.491724920393865
2242,11210,-3136.90466910419,0.519991059290846
2244,11220,-3117.39772639343,0.506628251830946
2246,11230,-3097.81284890187,0.526754884682502
2248,11240,-3078.15052625043,0.520253064375859
2250,11250,-3058.41124999616,0.487964657568256
2252,11260,-3038.59551361993,0.513866105968318
2254,11270,-3018.70381251412,0.518265925086844
2256,11280,-2998.73664397022,0.490813059106974
2258,11290,-2978.6945071664,0.51624244182292
2260,11300,-2958.57790315505,0.499435744373672
2262,11310,-2938.38733485021,0.513906997451549
2264,11320,-2918.12330701504,0.500103744333571
2266,11330,-2897.78632624918,0.48608228431588
2268,11340,-2877.37690097609,0.502534682153536
2270,11350,-2856.89554143033,0.498504267599257
2272,11360,-2836.34275964484,0.489523712215606
2274,11370,-2815.71906943808,0.490407345049548
2276,11380,-2795.02498640124,0.480694314371601
2278,11390,-2774.26102788532,0.496664996220085
2280,11400,-2753.42771298819,0.505718167804687
2282,11410,-2732.52556254164,0.479659468168089
2284,11420,-2711.55509909835,0.493650295849785
2286,11430,-2690.51684691881,0.485622250354958
2288,11440,-2669.41133195822,0.478085237401886
2290,11450,-2648.23908185337,0.487311744613247
2292,11460,-2627.0006259094,0.472802877291862
2294,11470,-2605.6964950866,0.473875629220406
2296,11480,-2584.32722198714,0.477824439042054
2298,11490,-2562.89334084174,0.465336938805588
2300,11500,-2541.39538749629,0.478509869064352
2302,11510,-2519.83389939852,0.477639072507757
2304,11520,-2498.20941558451,0.488556526156722
2306,11530,-2476.52247666523,0.49350645521218
2308,11540,-2454.773624813,0.48422998810433
2310,11550,-2432.96340374802,0.472183154861619
2312,11560,-2411.09235872466,0.472775824666547
2314,11570,-2389.16103651791,0.476846566285522
2316,11580,-2367.16998540968,0.469988825728086
2318,11590,-2345.1197551751,0.470810315685875
2320,11600,-2323.01089706879,0.459522754285332
2322,11610,-2300.84396381104,0.460763375977938
2324,11620,-2278.61950957402,0.475772585603722
2326,11630,-2256.33808996795,0.465677835318867
2328,11640,-2234.00026202715,0.455046627490739
2330,11650,-2211.60658419615,0.464259076754719
2332,11660,-2189.15761631573,0.462554932964582
2334,11670,-2166.65391960893,0.464353198887916
2336,11680,-2144.09605666698,0.458601427318836
2338,11690,-2121.48459143528,0.4454331908096
2340,11700,-2098.82008919929,0.438252008102911
2342,11710,-2076.10311657039,0.464859693708708
2344,11720,-2053.3342414717,0.45304681489073
2346,11730,-2030.51403312392,0.436861318007294
2348,11740,-2007.64306203107,0.445862464574171
2350,11750,-1984.72189996624,0.435207899721818
2352,11760,-1961.75111995727,0.454337347788314
2354,11770,-1938.73129627248,0.458876137147869
2356,11780,-1915.66300440626,0.437596512116071
2358,11790,-1892.54682106469,0.445040419740029
2360,11800,-1869.38332415118,0.455406054216714
2362,11810,-1846.17309275193,0.447947583391187
2364,11820,-1822.91670712151,0.440348496065858
2366,11830,-1799.61474866835,0.436564740766055
2368,11840,-1776.26779994021,0.443128809974555
2370,11850,-1752.87644460959,0.435247844774618
2372,11860,-1729.44126745914,0.439515619115559
2374,11870,-1705.96285436708,0.427812412812721
2376,11880,-1682.44179229252,0.430996488339165
2378,11890,-1658.87866926078,0.443568126475298
2380,11900,-1635.2740743487,0.414003752869076
2382,11910,-1611.62859766994,0.434565322403619
2384,11920,-1587.94283036017,0.418889163260267
2386,11930,-1564.21736456235,0.428820426883418
2388,11940,-1540.45279341189,0.423435813306242
2390,11950,-1516.64971102182,0.436015124213306
2392,11960,-1492.80871246797,0.42152717401399
2394,11970,-1468.93039377406,0.429809023332379
2396,11980,-1445.01535189681,0.408465140311938
2398,11990,-1421.06418471102,0.416208720735579
2400,12000,-1397.07749099463,0.411216045918052
2402,12010,-1373.05587041373,0.417662506915224
2404,12020,-1348.99992350758,0.413216229689678
2406,12030,-1324.9102516736,0.399291724721865
2408,12040,-1300.78745715234,0.406623391153569
2410,12050,-1276.6321430124,0.417504872548857
2412,12060,-1252.44491313537,0.406125473850351
2414,12070,-1228.22637220075,0.420480661328469
2416,12080,-1203.9771256708,0.398579791612781
2418,12090,-1179.6977797754,0.41432538561671
2420,12100,-1155.38894149696,0.397030997815061
2422,12110,-1131.05121855516,0.407899606086584
2424,12120,-1106.68521939179,0.394493649058705
2426,12130,-1082.29155315559,0.400649938694327
2428,12140,-1057.87082968693,0.408317848030014
2430,12150,-1033.42365950262,0.395609384581754
2432,12160,-1008.95065378064,0.393588694526442
2434,12170,-984.452424344877,0.405737973874329
2436,12180,-959.929583649775,0.403174298253566
2438,12190,-935.382744765078,0.395175048389335
2440,12200,-910.812521360475,0.381022552841408
2442,12210,-886.219527690281,0.38806085415997
2444,12220,-861.604378578051,0.392868324893497
2446,12230,-836.967689401233,0.405286439789803
2448,12240,-812.310076075771,0.366663517063031
2450,12250,-787.632155040715,0.398353277650756
2452,12260,-762.934543242806,0.391752944926947
2454,12270,-738.217858121051,0.401700903024284
2456,12280,-713.482717591289,0.388676978982813
2458,12290,-688.729740030751,0.378361379622391
2460,12300,-663.959544262584,0.392535002631865
2462,12310,-639.172749540391,0.378400409876274
2464,12320,-614.36997553275,0.368368772397422
2466,12330,-589.55184230772,0.388356282760222
2468,12340,-564.718970317337,0.376985106181596
2470,12350,-539.871980382109,0.371709496479394
2472,12360,-515.011493675489,0.370859075006269
2474,12370,-490.138131708347,0.362998967325304
2476,12380,-465.252516313445,0.382105741373572
2478,12390,-440.355269629866,0.352145973484302
2480,12400,-415.447014087482,0.375069271702642
2482,12410,-390.528372391384,0.372354959718581
2484,12420,-365.599967506315,0.36829643822322
2486,12430,-340.662422641101,0.371317549775484
2488,12440,-315.716361233064,0.345553956726872
2490,12450,-290.762406932435,0.369266351831349
2492,12460,-265.801183586781,0.35514805726954
2494,12470,-240.833315225381,0.36688879899277
2496,12480,-215.859426043643,0.334217146573546
2498,12490,-190.880140387498,0.362236601542782
2500,12500,-165.896082737784,0.333884877036336
2502,12510,-140.907877694642,0.351146637730936
2504,12520,-115.916149961897,0.361468322905924
2506,12530,-90.9215243314359,0.359241365866216
2508,12540,-65.9246256676063,0.345685512158582
2510,12550,-40.9260788915685,0.355342835017581
2512,12560,-15.92650896569,0.341554485656765
2514,12570,9.0734591220832,0.345330393356986
2516,12580,34.0732003738509,0.350239152068095
2518,12590,59.0720897973839,0.350559236811827
2520,12600,84.0695024217486,0.336268154915597
2522,12610,109.064813312931,0.339320697125425
2524,12620,134.057397589466,0.323292241933145
2526,12630,159.046630438039,0.337613764920396
2528,12640,184.031887129135,0.334925472578316
2530,12650,209.012543032637,0.350431104424825
2532,12660,233.987973633449,0.336482977842712
2534,12670,258.957554547108,0.338975584630193
2536,12680,283.92066153539,0.333422692173787
2538,12690,308.876670521922,0.333707293081524
2540,12700,333.824957607782,0.324186114281562
2542,12710,358.764899087084,0.333675358610806
2544,12720,383.695871462595,0.323669268919507
2546,12730,408.617251461303,0.329635733063084
2548,12740,433.528416050007,0.341108278196198
2550,12750,458.428742450889,0.329690600996301
2552,12760,483.317608157086,0.326962423676979
2554,12770,508.194390948252,0.313706337489405
2556,12780,533.058468906118,0.333543587132252
2558,12790,557.909220430019,0.31819995843091
2560,12800,582.746024252468,0.309505694181569
2562,12810,607.568259454662,0.30949912282434
2564,12820,632.375305482013,0.325367838856424
2566,12830,657.166542159664,0.323885370060581
2568,12840,681.941349707988,0.323566649740643
2570,12850,706.699108758087,0.30219603299022
2572,12860,731.439200367275,0.302903574922328
2574,12870,756.161006034553,0.305762489334096
2576,12880,780.86390771606,0.299916416211822
2578,12890,805.547287840543,0.301069655411202
2580,12900,830.210529324786,0.296652883104271
2582,12910,854.853015589036,0.298148913093684
2584,12920,879.47413057242,0.303522732544252
2586,12930,904.073258748345,0.302999237505545
2588,12940,928.649785139889,0.281276505724816
2590,12950,953.203095335176,0.298147719322051
2592,12960,977.732575502721,0.290753721475975
2594,12970,1002.2376124068,0.297193795232008
2596,12980,1026.71759342277,0.303676713706197
2598,12990,1051.17190655238,0.297250680082952
2600,13000,1075.59994043908,0.278135843953233
2602,13010,1100.00108438328,0.28526039988552
2604,13020,1124.37472835767,0.272796152033047
2606,13030,1148.72026302241,0.2882986020868
2608,13040,1173.0370797404,0.276963311328948
2610,13050,1197.3245705925,0.287297839711637
2612,13060,1221.58212839269,0.278252145877703
2614,13070,1245.80914670329,0.280665162462611
2616,13080,1270.00501985012,0.269400316175337
2618,13090,1294.16914293759,0.277159552383915
2620,13100,1318.30091186389,0.273845305121558
2622,13110,1342.39972333606,0.290146521351942
2624,13120,1366.46497488507,0.28409309716129
2626,13130,1390.49606488087,0.287755167947581
2628,13140,1414.49239254746,0.282321883454108
2630,13150,1438.45335797792,0.286024483780407
2632,13160,1462.37836214935,0.268688656804659
2634,13170,1486.26680693789,0.261161760999445
2636,13180,1510.11809513366,0.28325900979713
2638,13190,1533.93163045571,0.262226004034163
2640,13200,1557.70681756689,0.276465764129906
2642,13210,1581.44306208876,0.269652097218035
2644,13220,1605.13977061645,0.270858032502665
2646,13230,1628.79635073347,0.276885306286852
2648,13240,1652.41221102655,0.255962977154885
2650,13250,1675.98676110043,0.244924751507702
2652,13260,1699.51941159256,0.264394705523241
2654,13270,1723.00957418793,0.248524512429915
2656,13280,1746.45666163368,0.23997146491461
2658,13290,1769.86008775385,0.254040065677588
2660,13300,1793.219267464,0.270306544841093
2662,13310,1816.53361678587,0.240862809022137
2664,13320,1839.80255286192,0.250922021314504
2666,13330,1863.02549396998,0.251393671900976
2668,13340,1886.20185953772,0.23753164405373
2670,13350,1909.33107015721,0.254180791100307
2672,13360,1932.4125475994,0.232844883355464
2674,13370,1955.44571482854,0.254551744498768
2676,13380,1978.42999601665,0.238617409558389
2678,13390,2001.36481655791,0.234911731493157
2680,13400,2024.24960308299,0.234292286958562
2682,13410,2047.08378347342,0.24671317191832
2684,13420,2069.86678687589,0.239214567066042
2686,13430,2092.59804371649,0.248869235169756
2688,13440,2115.27698571498,0.233552048147141
2690,13450,2137.90304589901,0.237738886837817
2692,13460,2160.47565861824,0.225001837647421
2694,13470,2182.99425955852,0.264790088178078
2696,13480,2205.45828575601,0.246741103181049
2698,13490,2227.86717561123,0.23327485844668
2700,13500,2250.22036890309,0.229914551872812
2702,13510,2272.51730680292,0.23602041303678
2704,13520,2294.75743188845,0.232726770456899
2706,13530,2316.9401881577,0.220440370525638
2708,13540,2339.06502104292,0.205850245839182
2710,13550,2361.13137742444,0.231278232399839
2712,13560,2383.1387056445,0.215320855205617
2714,13570,2405.08645552104,0.23134779921913
2716,13580,2426.97407836145,0.236799938054007
2718,13590,2448.80102697631,0.209860020250074
2720,13600,2470.56675569304,0.228413694157336
2722,13610,2492.27072036955,0.222339152867993
2724,13620,2513.91237840786,0.224435595154707
2726,13630,2535.49118876764,0.220676267731036
2728,13640,2557.00661197976,0.231405406428414
2730,13650,2578.45811015976,0.211559224798048
2732,13660,2599.84514702129,0.220736086372116
2734,13670,2621.16718788956,0.215211605401859
2736,13680,2642.42369971465,0.186530091126593
2738,13690,2663.61415108488,0.19612160480288
2740,13700,2684.73801224006,0.196524038076831
2742,13710,2705.79475508476,0.216684772505038
2744,13720,2726.78385320151,0.205900224896534
2746,13730,2747.70478186395,0.184637002299974
2748,13740,2768.55701804995,0.199534306052223
2750,13750,2789.3400404547,0.197314831213589
2752,13760,2810.05332950371,0.197593099423459
2754,13770,2830.69636736585,0.205482701871416
2756,13780,2851.26863796623,0.186310492113493
2758,13790,2871.76962699917,0.192250354827995
2760,13800,2892.198821941,0.210472583557053
2762,13810,2912.55571206292,0.191047036011777
2764,13820,2932.83978844373,0.214372897840411
2766,13830,2953.05054398258,0.18655818816566
2768,13840,2973.18747341164,0.196947239794913
2770,13850,2993.25007330872,0.191436491944528
2772,13860,3013.23784210986,0.179760723411521
2774,13870,3033.15028012189,0.178030645246227
2776,13880,3052.9868895349,0.197351621640393
2778,13890,3072.74717443467,0.174792833582768
2780,13900,3092.43064081512,0.179647815966802
2782,13910,3112.03679659061,0.16937855645616
2784,13920,3131.56515160828,0.189157772251732
2786,13930,3151.01521766026,0.190802722538684
2788,13940,3170.38650849591,0.168505757818823
2790,13950,3189.67853983397,0.200057080067871
2792,13960,3208.89082937467,0.173038787040038
2794,13970,3228.02289681176,0.17246961045148
2796,13980,3247.07426384456,0.184214272929642
2798,13990,3266.04445418987,0.155593050419724
2800,14000,3284.93299359395,0.17354946235541
2802,14010,3303.73940984427,0.176948423337097
2804,14020,3322.46323278141,0.171168865317695
2806,14030,3341.10399431078,0.171676137381346
2808,14040,3359.66122841431,0.174157452776073
2810,14050,3378.13447116211,0.163257834519443
2812,14060,3396.52326072407,0.164682545969704
2814,14070,3414.82713738142,0.150427283667993
2816,14080,3433.04564353819,0.164399380543728
2818,14090,3451.17832373268,0.163950169860973
2820,14100,3469.22472464882,0.169410034481363
2822,14110,3487.18439512753,0.166095837970974
2824,14120,3505.05688617799,0.148952195937975
2826,14130,3522.84175098885,0.161673694698256
2828,14140,3540.53854493942,0.167678069654961
2830,14150,3558.14682561076,0.145037946390816
2832,14160,3575.66615279679,0.162402659178471
2834,14170,3593.09608851523,0.169038456794492
2836,14180,3610.43619701859,0.147080181167213
2838,14190,3627.68604480508,0.154933255295013
2840,14200,3644.84520062938,0.150162526285607
2842,14210,3661.91323551351,0.142716170992901
2844,14220,3678.88972275747,0.143254079906087
2846,14230,3695.77423794997,0.139105317244102
2848,14240,3712.56635897901,0.129996292658183
2850,14250,3729.26566604244,0.134216798644132
2852,14260,3745.87174165845,0.126163473352345
2854,14270,3762.38417067601,0.145772830843257
2856,14280,3778.80254028527,0.154374914194087
2858,14290,3795.12644002783,0.134961012612091
2860,14300,3811.35546180706,0.130764058626075
2862,14310,3827.48919989824,0.14034696920456
2864,14320,3843.52725095878,0.138386260682806
2866,14330,3859.46921403823,0.125252494767949
2868,14340,3875.31469058833,0.130663557979969
2870,14350,3891.06328447302,0.140107530274551
2872,14360,3906.71460197825,0.139652717284931
2874,14370,3922.26825182191,0.135106393841563
2876,14380,3937.72384516355,0.123005496601257
2878,14390,3953.08099561416,0.116874307892304
2880,14400,3968.33931924577,0.127676686894697
2882,14410,3983.49843460107,0.130580556681683
2884,14420,3998.55796270299,0.120329979332509
2886,14430,4013.5175270641,0.135777182281608
2888,14440,4028.37675369607,0.130152930990135
2890,14450,4043.13527111901,0.120068991193064
2892,14460,4057.79271037074,0.125024927191713
2894,14470,4072.34870501607,0.122891053295544
2896,14480,4086.80289115586,0.108855279630319
2898,14490,4101.15490743624,0.106507020554002
2900,14500,4115.40439505753,0.130231591461021
2902,14510,4129.55099778328,0.118337740520031
2904,14520,4143.59436194918,0.114701178648904
2906,14530,4157.53413647184,0.109719290261388
2908,14540,4171.36997285762,0.100790032829146
2910,14550,4185.10152521134,0.11600813628095
2912,14560,4198.7284502449,0.107020703495815
2914,14570,4212.25040728589,0.0993015677267206
2916,14580,4225.66705828609,0.126405249145913
2918,14590,4238.97806782991,0.109368745394975
2920,14600,4252.18310314282,0.10905690015206
2922,14610,4265.28183409962,0.0957773744640764
2924,14620,4278.27393323272,0.109445665990602
2926,14630,4291.15907574031,0.101174129788175
2928,14640,4303.93693949451,0.104776104784952
2930,14650,4316.60720504938,0.106156174019225
2932,14660,4329.16955564895,0.113979743159113
2934,14670,4341.6236772351,0.0872555366036513
2936,14680,4353.96925845546,0.0868287157686138
2938,14690,4366.20599067111,0.106115399700555
2940,14700,4378.33356796441,0.101070216221878
2942,14710,4390.35168714655,0.0898471509245721
2944,14720,4402.26004776517,0.0903331331070709
2946,14730,4414.05835211188,0.098782393995824
2948,14740,4425.74630522969,0.089843523128295
2950,14750,4437.32361492038,0.106758422198863
2952,14760,4448.7899917518,0.0957983064455848
2954,14770,4460.14514906513,0.0705213045827054
2956,14780,4471.38880298204,0.0849735915933868
2958,14790,4482.52067241176,0.0831746389557398
2960,14800,4493.54047905813,0.0959569288434489
2962,14810,4504.44794742657,0.085099764319265
2964,14820,4515.24280483092,0.0691722608034407
2966,14830,4525.92478140033,0.0805442798996782
2968,14840,4536.49361008592,0.0967074215885921
2970,14850,4546.94902666754,0.0785034881711486
2972,14860,4557.29076976031,0.0700902256601229
2974,14870,4567.51858082119,0.0815978798876573
2976,14880,4577.63220415545,0.0937948244164689
2978,14890,4587.63138692302,0.0792799807215135
2980,14900,4597.51587914485,0.0628907734493267
2982,14910,4607.28543370916,0.0840574531810111
2984,14920,4616.93980637759,0.0942541651350466
2986,14930,4626.47875579133,0.0804296182220369
2988,14940,4635.90204347713,0.0820648972488455
2990,14950,4645.20943385331,0.0647091864669899
2992,14960,4654.40069423557,0.0635590492155668
2994,14970,4663.47559484289,0.0591114794961191
2996,14980,4672.43390880323,0.0623268423402826
2998,14990,4681.27541215921,0.0600580376455253
3000,15000,4689.99988387369,0.0738941541145476
3002,15010,4698.60710583536,0.0634749164599331
3004,15020,4707.09686286409,0.0746146056216049
3006,15030,4715.46894271642,0.0658265906492893
3008,15040,4723.72313609077,0.0616806786945729
3010,15050,4731.85923663275,0.0446514720467446
3012,15060,4739.87704094026,0.0498486299058502
3014,15070,4747.77634856862,0.0680601863926868
3016,15080,4755.55696203554,0.0600961963328659
3018,15090,4763.2186868261,0.0571884695987387
3020,15100,4770.76133139757,0.059041207778139
3022,15110,4778.18470718424,0.0455439137424865
3024,15120,4785.48862860209,0.0541969391771043
3026,15130,4792.67291305346,0.0464491146068978
3028,15140,4799.73738093163,0.0450330447670632
3030,15150,4806.68185562526,0.057969566123899
3032,15160,4813.50616352285,0.0609046099532509
3034,15170,4820.21013401705,0.0569349863169114
3036,15180,4826.79359950896,0.0628456873358688
3038,15190,4833.25639541227,0.047277586043747
3040,15200,4839.59836015743,0.0388746271930999
3042,15210,4845.81933519565,0.045378319673586
3044,15220,4851.91916500288,0.0383271255119051
3046,15230,4857.89769708368,0.0393461160244417
3048,15240,4863.75478197507,0.0456826992814004
3050,15250,4869.49027325023,0.0400700473312714
3052,15260,4875.10402752218,0.0583389210357806
3054,15270,4880.59590444735,0.0320907649687921
3056,15280,4885.96576672911,0.043978282191029
3058,15290,4891.21348012118,0.0342778730304465
3060,15300,4896.338913431,0.0318342099221799
3062,15310,4901.341938523,0.0335702295581242
3064,15320,4906.22243032181,0.0395061145747642
3066,15330,4910.9802668154,0.0175641548378385
3068,15340,4915.61532905809,0.0349521210247137
3070,15350,4920.12750117359,0.0264963051130563
3072,15360,4924.5166703578,0.0269970129110038
3074,15370,4928.78272688175,0.0410528263222942
3076,15380,4932.92556409423,0.0472421958589732
3078,15390,4936.94507842453,0.0126626529368005
3080,15400,4940.841169385,0.0227824757177795
3082,15410,4944.61373957358,0.0295858421216752
3084,15420,4948.26269467619,0.0278323617325942
3086,15430,4951.78794346916,0.0324762497373735
3088,15440,4955.18939782145,0.0263728619942649
3090,15450,4958.46697269688,0.0154344059248415
3092,15460,4961.62058615624,0.0264275256153419
3094,15470,4964.65015935936,0.0100094841422688
3096,15480,4967.55561656708,0.0171304734822418
3098,15490,4970.33688514311,0.0318014045268789
3100,15500,4972.99389555588,0.0155216710105374
3102,15510,4975.52658138027,0.0294199470446154
3104,15520,4977.93487929927,0.0256432824869656
3106,15530,4980.21872910556,0.0198150600568091
3108,15540,4982.378073703,0.0240085323213934
3110,15550,4984.4128591081,0.0175121189954636
3112,15560,4986.32303445133,0.0216077271970367
3114,15570,4988.1085519784,0.0203245700511394
3116,15580,4989.76936705147,-0.000123566355972726
3118,15590,4991.30543815024,0.0176829733670299
3120,15600,4992.71672687302,-0.0010979283742478
3122,15610,4994.00319793767,0.0164653959903799
3124,15620,4995.16481918248,0.0197218394378593
3126,15630,4996.20156156697,0.00759415638717425
3128,15640,4997.11339917264,-0.00310059143945565
3130,15650,4997.9003092036,-0.00813627587078653
3132,15660,4998.56227198713,0.013801140235161
3134,15670,4999.09927097421,-0.0118029641682577
3136,15680,4999.51129273988,0.00735534689649456
3138,15690,4999.79832698362,-0.00135613331673813
3140,15700,4999.96036652959,0.00150585388334783
3142,15710,4999.99740732682,-0.00167129140377175
3144,15720,4999.90944844928,-0.000914487804232725
3146,15730,4999.69649209594,0.017217147618852
3148,15740,4999.3585435907,0.00884817208996141
3150,15750,4998.89561138225,0.00948178516484022
3152,15760,4998.30770704387,0.0063856656712119
3154,15770,4997.59484527315,-0.00435711060004108
3156,15780,4996.75704389158,-0.0119819009962827
3158,15790,4995.79432384417,0.0010561599212186
3160,15800,4994.70670919886,-0.028989132373878
3162,15810,4993.49422714596,0.0106448580554737
3164,15820,4992.15690799746,-0.00362133141109099
3166,15830,4990.69478518626,0.00106631242440177
3168,15840,4989.10789526537,-0.00239191330019173
3170,15850,4987.39627790695,-0.0130664411544926
3172,15860,4985.55997590133,-0.0270464226501881
3174,15870,4983.59903515599,-0.00332926461177355
3176,15880,4981.51350469433,-0.0273342731794401
3178,15890,4979.3034366545,-0.0192426438794134
3180,15900,4976.9688862881,-0.0110360801399987
3182,15910,4974.50991195876,-0.0148439783333332
3184,15920,4971.9265751407,-0.0149863424598197
3186,15930,4969.21894041722,0.00336225010712699
3188,15940,4966.38707547905,-0.0198954580262328
3190,15950,4963.43105112265,-0.00637568644836213
3192,15960,4960.35094124849,-0.0134976071776293
3194,15970,4957.14682285915,-0.00802488434593428
3196,15980,4953.81877605742,-0.0178892909583534
3198,15990,4950.3668840443,-0.0316488903578792
3200,16000,4946.79123311691,-0.0244728102834051
3202,16010,4943.09191266634,-0.0176786502181897
3204,16020,4939.2690151754,-0.0238298798899916
3206,16030,4935.32263621634,-0.0267174497654958
3208,16040,4931.25287444842,-0.0532552129587262
3210,16050,4927.05983161547,-0.0168087130153117
3212,16060,4922.74361254336,-0.0289646934967441
3214,16070,4918.30432513732,-0.0205916672443257
3216,16080,4913.74208037931,-0.021690979550995
3218,16090,4909.05699232522,-0.0231881454169297
3220,16100,4904.249178102,-0.0162363737338961
3222,16110,4899.31875790476,-0.0179295583223995
3224,16120,4894.26585499374,-0.0215169574223669
3226,16130,4889.09059569125,-0.0510944169331613
3228,16140,4883.79310937852,-0.0379724744220928
3230,16150,4878.37352849241,-0.0231610076879808
3232,16160,4872.83198852217,-0.0289983854022947
3234,16170,4867.16862800602,-0.0404863245815016
3236,16180,4861.38358852766,-0.028575903914472
3238,16190,4855.47701471278,-0.0328688241848136
3240,16200,4849.44905422543,-0.0411394370171657
3242,16210,4843.2998577643,-0.0328644620273016
3244,16220,4837.02957905897,-0.0412767355742625
3246,16230,4830.6383748661,-0.0341210680799934
3248,16240,4824.12640496545,-0.0296055966022637
3250,16250,4817.49383215594,-0.0401359212998024
3252,16260,4810.74082225153,-0.047745253092606
3254,16270,4803.86754407713,-0.0199032876112281
3256,16280,4796.87416946432,-0.0478253624750961
3258,16290,4789.76087324712,-0.036225346501984
3260,16300,4782.52783325755,-0.0409103882352901
3262,16310,4775.17523032124,-0.0286847379904226
3264,16320,4767.70324825287,-0.0486044973463393
3266,16330,4760.11207385162,-0.0442409531502217
3268,16340,4752.40189689644,-0.0318020634628345
3270,16350,4744.57291014137,-0.0495205731841079
3272,16360,4736.62530931065,-0.0562994862329884
3274,16370,4728.5592930939,-0.0467502151048061
3276,16380,4720.3750631411,-0.0455923684466488
3278,16390,4712.07282405757,-0.0427989039335136
3280,16400,4703.65278339887,-0.0335538098637515
3282,16410,4695.11515166555,-0.0537972854485679
3284,16420,4686.46014229799,-0.0633468119259714
3286,16430,4677.68797167095,-0.0524465622988632
3288,16440,4668.79885908825,-0.0441695255967373
3290,16450,4659.79302677725,-0.0665772528864791
3292,16460,4650.67069988326,-0.057857791333427
3294,16470,4641.43210646401,-0.0729725334482401
3296,16480,4632.07747748383,-0.0425383276450851
3298,16490,4622.60704680797,-0.052195869447233
3300,16500,4613.0210511967,-0.0416750828586719
3302,16510,4603.31973029941,-0.046028317971692
3304,16520,4593.50332664862,-0.058335971962613
3306,16530,4583.57208565391,-0.0772388798181378
3308,16540,4573.52625559579,-0.058580048214992
3310,16550,4563.36608761948,-0.0632998156625186
3312,16560,4553.09183572865,-0.0566050420586667
3314,16570,4542.70375677907,-0.0451679798887629
3316,16580,4532.20211047217,-0.0258104359455977
3318,16590,4521.58715934856,-0.0397521394073496
3320,16600,4510.85916878147,-0.0493439252337611
3322,16610,4500.0184069701,-0.0714260669174343
3324,16620,4489.06514493292,-0.0771610131276656
3326,16630,4477.99965650093,-0.074826730693461
3328,16640,4466.82221831076,-0.0606613320762168
3330,16650,4455.53310979778,-0.0730798049407782
3332,16660,4444.13261318911,-0.0529615492360656
3334,16670,4432.62101349657,-0.0744272311325565
3336,16680,4420.99859850956,-0.0618275957404261
3338,16690,4409.26565878785,-0.0751183294633768
3340,16700,4397.42248765432,-0.0656039324670128
3342,16710,4385.46938118763,-0.0660309780566606
3344,16720,4373.40663821483,-0.0756165517658471
3346,16730,4361.23456030384,-0.0836346304840648
3348,16740,4348.953451756,-0.0808627213531162
3350,16750,4336.56361959837,-0.061315639409042
3352,16760,4324.06537357611,-0.0703834082318912
3354,16770,4311.45902614473,-0.0828272105444304
3356,16780,4298.74489246224,-0.0653533452394949
3358,16790,4285.92329038134,-0.0853241451762157
3360,16800,4272.9945404414,-0.0827693463165111
3362,16810,4259.95896586051,-0.0718776531481398
3364,16820,4246.81689252734,-0.0938922075145935
3366,16830,4233.56864899304,-0.0890052596631893
3368,16840,4220.21456646302,-0.0801321525759362
3370,16850,4206.75497878864,-0.0746702710455141
3372,16860,4193.19022245889,-0.0909387468477563
3374,16870,4179.52063659197,-0.0984490244842055
3376,16880,4165.74656292683,-0.0790320079676681
3378,16890,4151.86834581457,-0.0837170937524926
3380,16900,4137.88633220992,-0.0894756385283607
3382,16910,4123.80087166247,-0.0792590742030846
3384,16920,4109.61231630801,-0.0821729402143107
3386,16930,4095.32102085969,-0.0753144446991193
3388,16940,4080.92734259914,-0.0876702359628495
3390,16950,4066.43164136758,-0.105726658358192
3392,16960,4051.83427955677,-0.0694752152814121
3394,16970,4037.13562210002,-0.103034177062211
3396,16980,4022.33603646297,-0.0876991262056509
3398,16990,4007.4358926345,-0.090916100607594
3400,17000,3992.43556311745,-0.0840103205524285
3402,17010,3977.33542291925,-0.0940482741546768
3404,17020,3962.13584954264,-0.0951979316237499
3406,17030,3946.83722297615,-0.0878083984537656
3408,17040,3931.43992568465,-0.0728002374251406
3410,17050,3915.94434259976,-0.10694802280293
3412,17060,3900.35086111027,-0.101411878447426
3414,17070,3884.65987105239,-0.0936432952476756
3416,17080,3868.87176470006,-0.0805305963248356
3418,17090,3852.98693675512,-0.0846218055776269
3420,17100,3837.00578433744,-0.105850183700821
3422,17110,3820.92870697499,-0.0896241960198779
3424,17120,3804.75610659387,-0.0899148911607632
3426,17130,3788.48838750826,-0.102531211340904
3428,17140,3772.12595641027,-0.112729970409875
3430,17150,3755.66922235983,-0.0811444687435403
3432,17160,3739.11859677445,-0.0925672221105047
3434,17170,3722.47449341889,-0.0984644393791821
3436,17180,3705.73732839488,-0.105429990829921
3438,17190,3688.90752013066,-0.10676888921837
3440,17200,3671.98548937057,-0.0974751178940964
3442,17210,3654.97165916449,-0.112901268580474
3444,17220,3637.8664548573,-0.094448540657231
3446,17230,3620.6703040782,-0.107177453482093
3448,17240,3603.38363673008,-0.0913610369650613
3450,17250,3586.00688497873,-0.100530976172654
3452,17260,3568.54048324201,-0.120837722407345
3454,17270,3550.98486817908,-0.0882670435758511
3456,17280,3533.34047867939,-0.116482630960451
3458,17290,3515.60775585176,-0.115667167740244
3460,17300,3497.78714301334,-0.108776117684624
3462,17310,3479.87908567852,-0.117500313208171
3464,17320,3461.8840315478,-0.104520551311283
3466,17330,3443.8024304966,-0.122334664820547
3468,17340,3425.634734564,-0.100579240688266
3470,17350,3407.38139794146,-0.103316802078709
3472,17360,3389.04287696143,-0.116878831790304
3474,17370,3370.61963008599,-0.101526773055353
3476,17380,3352.11211789536,-0.0957967110451644
3478,17390,3333.52080307636,-0.120180821442093
3480,17400,3314.84615041091,-0.111827477533188
3482,17410,3296.08862676435,-0.1274322851794
3484,17420,3277.24870107379,-0.103701167631896
3486,17430,3258.32684433639,-0.0953391364586957
3488,17440,3239.32352959759,-0.0951260372135755
3490,17450,3220.23923193926,-0.109219565673081
3492,17460,3201.07442846786,-0.120218909655186
3494,17470,3181.82959830247,-0.143134169957464
3496,17480,3162.50522256283,-0.119089098980602
3498,17490,3143.10178435735,-0.109588016864748
3500,17500,3123.61976877096,-0.121295029091962
3502,17510,3104.05966285304,-0.126352132601953
3504,17520,3084.42195560522,-0.106256494299857
3506,17530,3064.70713796916,-0.128114124644691
3508,17540,3044.91570281427,-0.133098603416402
3510,17550,3025.04814492539,-0.126158675695837
3512,17560,3005.10496099045,-0.108497046482322
3514,17570,2985.086649588,-0.111968282929072
3516,17580,2964.99371117478,-0.131374992834284
3518,17590,2944.82664807321,-0.1378382736917
3520,17600,2924.58596445881,-0.13797888993322
3522,17610,2904.27216634763,-0.103994495762848
3524,17620,2883.88576158354,-0.122913848972098
3526,17630,2863.42725982563,-0.136473221108411
3528,17640,2842.89717253535,-0.116603869068126
3530,17650,2822.29601296382,-0.120599441577137
3532,17660,2801.62429613897,-0.138233254223597
3534,17670,2780.88253885263,-0.126387353335331
3536,17680,2760.07125964766,-0.132522898381729
3538,17690,2739.19097880495,-0.123155335133259
3540,17700,2718.24221833044,-0.100330696669982
3542,17710,2697.22550194204,-0.120675423690799
3544,17720,2676.14135505658,-0.120668475160919
3546,17730,2654.99030477662,-0.12945638585342
3548,17740,2633.77287987732,-0.136490984585194
3550,17750,2612.4896107932,-0.14040176578063
3552,17760,2591.14102960488,-0.150152595148411
3554,17770,2569.72767002577,-0.133773689872295
3556,17780,2548.25006738875,-0.151074995888006
3558,17790,2526.70875863277,-0.128798737533086
3560,17800,2505.10428228942,-0.125370299343764
3562,17810,2483.4371784695,-0.141267412433128
3564,17820,2461.70798884945,-0.138322217490119
3566,17830,2439.91725665789,-0.134489563010782
3568,17840,2418.065526662,-0.126277520254378
3570,17850,2396.15334515388,-0.146153927578729
3572,17860,2374.18125993694,-0.13449382073883
3574,17870,2352.14982031214,-0.141364494686014
3576,17880,2330.05957706436,-0.161094463434731
3578,17890,2307.91108244849,-0.156839088288804
3580,17900,2285.70489017577,-0.157280009796789
3582,17910,2263.44155539985,-0.13848656462533
3584,17920,2241.12163470292,-0.128772440388658
3586,17930,2218.74568608186,-0.150614313141132
3588,17940,2196.3142689342,-0.151040135579063
3590,17950,2173.82794404422,-0.136929711355638
3592,17960,2151.28727356884,-0.133037875460295
3594,17970,2128.69282102368,-0.145687730799188
3596,17980,2106.04515126886,-0.140754143923623
3598,17990,2083.34483049495,-0.143292012460218
3600,18000,2060.59242620878,-0.154068562957589
