0,-4.625e+05,4.7165e+06,1.2309
9.8467,-4.6246e+05,4.7165e+06,1.2407
19.693,-4.6241e+05,4.7166e+06,1.2316
29.54,-4.6237e+05,4.7166e+06,1.2273
39.387,-4.6233e+05,4.7166e+06,1.2206
49.233,-4.6229e+05,4.7167e+06,1.2201
59.08,-4.6224e+05,4.7167e+06,1.2292
68.927,-4.622e+05,4.7168e+06,1.2449
78.773,-4.6216e+05,4.7168e+06,1.2217
88.62,-4.6212e+05,4.7169e+06,1.2181
98.467,-4.6208e+05,4.7169e+06,1.2144
108.31,-4.6203e+05,4.717e+06,1.1977
118.16,-4.6199e+05,4.717e+06,1.231
128.01,-4.6195e+05,4.7171e+06,1.2118
137.85,-4.6191e+05,4.7171e+06,1.2294
147.7,-4.6187e+05,4.7171e+06,1.224
157.55,-4.6182e+05,4.7172e+06,1.2146
167.39,-4.6178e+05,4.7172e+06,1.2273
177.24,-4.6174e+05,4.7173e+06,1.2296
187.09,-4.617e+05,4.7173e+06,1.2157
196.93,-4.6166e+05,4.7174e+06,1.2139
206.78,-4.6161e+05,4.7174e+06,1.2128
216.63,-4.6157e+05,4.7175e+06,1.207
226.47,-4.6153e+05,4.7175e+06,1.2257
236.32,-4.6149e+05,4.7175e+06,1.2254
246.17,-4.6145e+05,4.7176e+06,1.2296
256.01,-4.614e+05,4.7176e+06,1.2119
265.86,-4.6136e+05,4.7177e+06,1.2111
275.71,-4.6132e+05,4.7177e+06,1.1916
285.55,-4.6128e+05,4.7178e+06,1.2091
295.4,-4.6124e+05,4.7178e+06,1.2147
305.25,-4.6119e+05,4.7179e+06,1.2016
315.09,-4.6115e+05,4.7179e+06,1.2292
324.94,-4.6111e+05,4.718e+06,1.2226
334.79,-4.6107e+05,4.718e+06,1.2234
344.63,-4.6102e+05,4.718e+06,1.2084
354.48,-4.6098e+05,4.7181e+06,1.2125
364.33,-4.6094e+05,4.7181e+06,1.213
374.17,-4.609e+05,4.7182e+06,1.2088
384.02,-4.6086e+05,4.7182e+06,1.1991
393.87,-4.6081e+05,4.7183e+06,1.2153
403.71,-4.6077e+05,4.7183e+06,1.2134
413.56,-4.6073e+05,4.7184e+06,1.2144
423.41,-4.6069e+05,4.7184e+06,1.2224
433.25,-4.6065e+05,4.7185e+06,1.2122
443.1,-4.606e+05,4.7185e+06,1.2059
452.95,-4.6056e+05,4.7185e+06,1.2079
462.79,-4.6052e+05,4.7186e+06,1.2393
472.64,-4.6048e+05,4.7186e+06,1.2127
482.49,-4.6044e+05,4.7187e+06,1.2005
492.33,-4.6039e+05,4.7187e+06,1.2194
502.18,-4.6035e+05,4.7188e+06,1.2129
512.03,-4.6031e+05,4.7188e+06,1.2252
521.87,-4.6027e+05,4.7189e+06,1.2107
531.72,-4.6023e+05,4.7189e+06,1.2037
541.57,-4.6018e+05,4.7189e+06,1.2071
551.41,-4.6014e+05,4.719e+06,1.2171
561.26,-4.601e+05,4.719e+06,1.197
571.11,-4.6006e+05,4.7191e+06,1.208
580.95,-4.6002e+05,4.7191e+06,1.215
590.8,-4.5997e+05,4.7192e+06,1.1974
600.65,-4.5993e+05,4.7192e+06,1.2003
610.49,-4.5989e+05,4.7193e+06,1.1936
620.34,-4.5985e+05,4.7193e+06,1.2041
630.19,-4.5981e+05,4.7194e+06,1.2191
640.03,-4.5976e+05,4.7194e+06,1.194
649.88,-4.5972e+05,4.7194e+06,1.2329
659.73,-4.5968e+05,4.7195e+06,1.1974
669.57,-4.5964e+05,4.7195e+06,1.2038
679.42,-4.596e+05,4.7196e+06,1.1856
689.27,-4.5955e+05,4.7196e+06,1.1911
699.11,-4.5951e+05,4.7197e+06,1.1901
708.96,-4.5947e+05,4.7197e+06,1.1957
718.81,-4.5943e+05,4.7198e+06,1.1788
728.65,-4.5939e+05,4.7198e+06,1.2124
738.5,-4.5934e+05,4.7198e+06,1.2129
748.35,-4.593e+05,4.7199e+06,1.2012
758.19,-4.5926e+05,4.7199e+06,1.205
768.04,-4.5922e+05,4.72e+06,1.1793
777.89,-4.5918e+05,4.72e+06,1.1885
787.73,-4.5913e+05,4.7201e+06,1.2008
797.58,-4.5909e+05,4.7201e+06,1.2013
807.43,-4.5905e+05,4.7202e+06,1.21
817.27,-4.5901e+05,4.7202e+06,1.2057
827.12,-4.5896e+05,4.7203e+06,1.192
836.97,-4.5892e+05,4.7203e+06,1.2014
846.81,-4.5888e+05,4.7203e+06,1.1847
856.66,-4.5884e+05,4.7204e+06,1.1969
866.51,-4.588e+05,4.7204e+06,1.1882
876.35,-4.5875e+05,4.7205e+06,1.2005
886.2,-4.5871e+05,4.7205e+06,1.1895
896.05,-4.5867e+05,4.7206e+06,1.1951
905.89,-4.5863e+05,4.7206e+06,1.1968
915.74,-4.5859e+05,4.7207e+06,1.1888
925.59,-4.5854e+05,4.7207e+06,1.174
935.43,-4.585e+05,4.7207e+06,1.2001
945.28,-4.5846e+05,4.7208e+06,1.1803
955.13,-4.5842e+05,4.7208e+06,1.2013
964.97,-4.5838e+05,4.7209e+06,1.1925
974.82,-4.5833e+05,4.7209e+06,1.1822
984.67,-4.5829e+05,4.721e+06,1.1869
994.51,-4.5825e+05,4.721e+06,1.1793
1004.4,-4.5821e+05,4.7211e+06,1.1773
1014.2,-4.5817e+05,4.7211e+06,1.1937
1024.1,-4.5812e+05,4.7212e+06,1.1849
1033.9,-4.5808e+05,4.7212e+06,1.1746
1043.7,-4.5804e+05,4.7212e+06,1.1841
1053.6,-4.58e+05,4.7213e+06,1.1894
1063.4,-4.5796e+05,4.7213e+06,1.1882
1073.3,-4.5791e+05,4.7214e+06,1.1849
1083.1,-4.5787e+05,4.7214e+06,1.1836
1093,-4.5783e+05,4.7215e+06,1.1757
1102.8,-4.5779e+05,4.7215e+06,1.1993
1112.7,-4.5775e+05,4.7216e+06,1.19
1122.5,-4.577e+05,4.7216e+06,1.1932
1132.4,-4.5766e+05,4.7217e+06,1.1766
1142.2,-4.5762e+05,4.7217e+06,1.1716
1152.1,-4.5758e+05,4.7217e+06,1.176
1161.9,-4.5754e+05,4.7218e+06,1.181
1171.8,-4.5749e+05,4.7218e+06,1.1721
1181.6,-4.5745e+05,4.7219e+06,1.1942
1191.4,-4.5741e+05,4.7219e+06,1.188
1201.3,-4.5737e+05,4.722e+06,1.1651
1211.1,-4.5733e+05,4.722e+06,1.1663
1221,-4.5728e+05,4.7221e+06,1.1514
1230.8,-4.5724e+05,4.7221e+06,1.179
1240.7,-4.572e+05,4.7221e+06,1.1702
1250.5,-4.5716e+05,4.7222e+06,1.1825
1260.4,-4.5712e+05,4.7222e+06,1.1838
1270.2,-4.5707e+05,4.7223e+06,1.1964
1280.1,-4.5703e+05,4.7223e+06,1.1784
1289.9,-4.5699e+05,4.7224e+06,1.1831
1299.8,-4.5695e+05,4.7224e+06,1.1779
1309.6,-4.5691e+05,4.7225e+06,1.1739
1319.5,-4.5687e+05,4.7225e+06,1.1697
1329.3,-4.5682e+05,4.7226e+06,1.1637
1339.1,-4.5678e+05,4.7226e+06,1.1912
1349,-4.5674e+05,4.7226e+06,1.1727
1358.8,-4.567e+05,4.7227e+06,1.1755
1368.7,-4.5666e+05,4.7227e+06,1.1863
1378.5,-4.5661e+05,4.7228e+06,1.1624
1388.4,-4.5657e+05,4.7228e+06,1.167
1398.2,-4.5653e+05,4.7229e+06,1.1918
1408.1,-4.5649e+05,4.7229e+06,1.1709
1417.9,-4.5645e+05,4.723e+06,1.1742
1427.8,-4.564e+05,4.723e+06,1.1678
1437.6,-4.5636e+05,4.723e+06,1.1739
1447.5,-4.5632e+05,4.7231e+06,1.1708
1457.3,-4.5628e+05,4.7231e+06,1.1805
1467.2,-4.5624e+05,4.7232e+06,1.1786
1477,-4.5619e+05,4.7232e+06,1.1728
1486.8,-4.5615e+05,4.7233e+06,1.1776
1496.7,-4.5611e+05,4.7233e+06,1.1524
1506.5,-4.5607e+05,4.7234e+06,1.1606
1516.4,-4.5603e+05,4.7234e+06,1.1866
1526.2,-4.5598e+05,4.7235e+06,1.179
1536.1,-4.5594e+05,4.7235e+06,1.1775
1545.9,-4.559e+05,4.7235e+06,1.1791
1555.8,-4.5586e+05,4.7236e+06,1.1758
1565.6,-4.5582e+05,4.7236e+06,1.1781
1575.5,-4.5577e+05,4.7237e+06,1.1743
1585.3,-4.5573e+05,4.7237e+06,1.1622
1595.2,-4.5569e+05,4.7238e+06,1.1828
1605,-4.5565e+05,4.7238e+06,1.1772
1614.9,-4.5561e+05,4.7239e+06,1.1789
1624.7,-4.5556e+05,4.7239e+06,1.1809
1634.5,-4.5552e+05,4.7239e+06,1.163
1644.4,-4.5548e+05,4.724e+06,1.1643
1654.2,-4.5544e+05,4.724e+06,1.1627
1664.1,-4.554e+05,4.7241e+06,1.1432
1673.9,-4.5535e+05,4.7241e+06,1.1814
1683.8,-4.5531e+05,4.7242e+06,1.1702
1693.6,-4.5527e+05,4.7242e+06,1.181
1703.5,-4.5523e+05,4.7243e+06,1.1627
1713.3,-4.5519e+05,4.7243e+06,1.1783
1723.2,-4.5514e+05,4.7244e+06,1.167
1733,-4.551e+05,4.7244e+06,1.1517
1742.9,-4.5506e+05,4.7244e+06,1.1634
1752.7,-4.5502e+05,4.7245e+06,1.1708
1762.6,-4.5498e+05,4.7245e+06,1.1708
1772.4,-4.5493e+05,4.7246e+06,1.1564
1782.2,-4.5489e+05,4.7246e+06,1.1808
1792.1,-4.5485e+05,4.7247e+06,1.1613
1801.9,-4.5481e+05,4.7247e+06,1.1493
1811.8,-4.5477e+05,4.7248e+06,1.1703
1821.6,-4.5473e+05,4.7248e+06,1.1557
1831.5,-4.5468e+05,4.7248e+06,1.1477
1841.3,-4.5464e+05,4.7249e+06,1.1531
1851.2,-4.546e+05,4.7249e+06,1.1698
1861,-4.5456e+05,4.725e+06,1.1466
1870.9,-4.5452e+05,4.725e+06,1.1545
1880.7,-4.5447e+05,4.7251e+06,1.1567
1890.6,-4.5443e+05,4.7251e+06,1.1655
1900.4,-4.5439e+05,4.7252e+06,1.1627
1910.3,-4.5435e+05,4.7252e+06,1.1546
1920.1,-4.5431e+05,4.7253e+06,1.1439
1929.9,-4.5426e+05,4.7253e+06,1.1556
1939.8,-4.5422e+05,4.7253e+06,1.1495
1949.6,-4.5418e+05,4.7254e+06,1.1632
1959.5,-4.5414e+05,4.7254e+06,1.16
1969.3,-4.541e+05,4.7255e+06,1.1402
1979.2,-4.5405e+05,4.7255e+06,1.153
1989,-4.5401e+05,4.7256e+06,1.1469
1998.9,-4.5397e+05,4.7256e+06,1.1471
2008.7,-4.5393e+05,4.7257e+06,1.139
2018.6,-4.5389e+05,4.7257e+06,1.133
2028.4,-4.5384e+05,4.7257e+06,1.149
2038.3,-4.538e+05,4.7258e+06,1.1416
2048.1,-4.5376e+05,4.7258e+06,1.1423
2058,-4.5372e+05,4.7259e+06,1.1613
2067.8,-4.5368e+05,4.7259e+06,1.154
2077.6,-4.5363e+05,4.726e+06,1.1624
2087.5,-4.5359e+05,4.726e+06,1.1465
2097.3,-4.5355e+05,4.7261e+06,1.1617
2107.2,-4.5351e+05,4.7261e+06,1.152
2117,-4.5347e+05,4.7262e+06,1.1453
2126.9,-4.5343e+05,4.7262e+06,1.134
2136.7,-4.5338e+05,4.7262e+06,1.152
2146.6,-4.5334e+05,4.7263e+06,1.141
2156.4,-4.533e+05,4.7263e+06,1.1343
2166.3,-4.5326e+05,4.7264e+06,1.152
2176.1,-4.5322e+05,4.7264e+06,1.1451
2186,-4.5317e+05,4.7265e+06,1.1538
2195.8,-4.5313e+05,4.7265e+06,1.1353
2205.7,-4.5309e+05,4.7266e+06,1.1474
2215.5,-4.5305e+05,4.7266e+06,1.1441
2225.3,-4.5301e+05,4.7266e+06,1.1229
2235.2,-4.5296e+05,4.7267e+06,1.1454
2245,-4.5292e+05,4.7267e+06,1.1314
2254.9,-4.5288e+05,4.7268e+06,1.1442
2264.7,-4.5284e+05,4.7268e+06,1.1531
2274.6,-4.528e+05,4.7269e+06,1.132
2284.4,-4.5275e+05,4.7269e+06,1.1517
2294.3,-4.5271e+05,4.727e+06,1.1457
2304.1,-4.5267e+05,4.727e+06,1.1213
2314,-4.5263e+05,4.7271e+06,1.1318
2323.8,-4.5259e+05,4.7271e+06,1.1309
2333.7,-4.5255e+05,4.7271e+06,1.1285
2343.5,-4.525e+05,4.7272e+06,1.1364
2353.4,-4.5246e+05,4.7272e+06,1.1478
2363.2,-4.5242e+05,4.7273e+06,1.1455
2373,-4.5238e+05,4.7273e+06,1.1328
2382.9,-4.5234e+05,4.7274e+06,1.1301
2392.7,-4.5229e+05,4.7274e+06,1.1457
2402.6,-4.5225e+05,4.7275e+06,1.1333
2412.4,-4.5221e+05,4.7275e+06,1.1339
2422.3,-4.5217e+05,4.7275e+06,1.1322
2432.1,-4.5213e+05,4.7276e+06,1.133
2442,-4.5208e+05,4.7276e+06,1.1149
2451.8,-4.5204e+05,4.7277e+06,1.1431
2461.7,-4.52e+05,4.7277e+06,1.13
2471.5,-4.5196e+05,4.7278e+06,1.1239
2481.4,-4.5192e+05,4.7278e+06,1.1258
2491.2,-4.5187e+05,4.7279e+06,1.1505
2501.1,-4.5183e+05,4.7279e+06,1.1265
2510.9,-4.5179e+05,4.728e+06,1.1328
2520.7,-4.5175e+05,4.728e+06,1.115
2530.6,-4.5171e+05,4.728e+06,1.1246
2540.4,-4.5167e+05,4.7281e+06,1.1354
2550.3,-4.5162e+05,4.7281e+06,1.1294
2560.1,-4.5158e+05,4.7282e+06,1.1332
2570,-4.5154e+05,4.7282e+06,1.1216
2579.8,-4.515e+05,4.7283e+06,1.1235
2589.7,-4.5146e+05,4.7283e+06,1.129
2599.5,-4.5141e+05,4.7284e+06,1.1278
2609.4,-4.5137e+05,4.7284e+06,1.1146
2619.2,-4.5133e+05,4.7284e+06,1.1347
2629.1,-4.5129e+05,4.7285e+06,1.1582
2638.9,-4.5125e+05,4.7285e+06,1.1187
2648.8,-4.512e+05,4.7286e+06,1.132
2658.6,-4.5116e+05,4.7286e+06,1.1021
2668.4,-4.5112e+05,4.7287e+06,1.1313
2678.3,-4.5108e+05,4.7287e+06,1.1348
2688.1,-4.5104e+05,4.7288e+06,1.1201
2698,-4.51e+05,4.7288e+06,1.1256
2707.8,-4.5095e+05,4.7289e+06,1.1265
2717.7,-4.5091e+05,4.7289e+06,1.1366
2727.5,-4.5087e+05,4.7289e+06,1.1298
2737.4,-4.5083e+05,4.729e+06,1.1316
2747.2,-4.5079e+05,4.729e+06,1.12
2757.1,-4.5074e+05,4.7291e+06,1.111
2766.9,-4.507e+05,4.7291e+06,1.1188
2776.8,-4.5066e+05,4.7292e+06,1.1147
2786.6,-4.5062e+05,4.7292e+06,1.1237
2796.5,-4.5058e+05,4.7293e+06,1.1399
2806.3,-4.5053e+05,4.7293e+06,1.1221
2816.1,-4.5049e+05,4.7293e+06,1.1208
2826,-4.5045e+05,4.7294e+06,1.12
2835.8,-4.5041e+05,4.7294e+06,1.1131
2845.7,-4.5037e+05,4.7295e+06,1.0989
2855.5,-4.5033e+05,4.7295e+06,1.1332
2865.4,-4.5028e+05,4.7296e+06,1.1104
2875.2,-4.5024e+05,4.7296e+06,1.1186
2885.1,-4.502e+05,4.7297e+06,1.1186
2894.9,-4.5016e+05,4.7297e+06,1.1031
2904.8,-4.5012e+05,4.7298e+06,1.1243
2914.6,-4.5007e+05,4.7298e+06,1.1141
2924.5,-4.5003e+05,4.7298e+06,1.1052
2934.3,-4.4999e+05,4.7299e+06,1.1166
2944.2,-4.4995e+05,4.7299e+06,1.0987
2954,-4.4991e+05,4.73e+06,1.1151
2963.8,-4.4987e+05,4.73e+06,1.1138
2973.7,-4.4982e+05,4.7301e+06,1.1078
2983.5,-4.4978e+05,4.7301e+06,1.101
2993.4,-4.4974e+05,4.7302e+06,1.1158
3003.2,-4.497e+05,4.7302e+06,1.1157
3013.1,-4.4966e+05,4.7302e+06,1.1176
3022.9,-4.4961e+05,4.7303e+06,1.1147
3032.8,-4.4957e+05,4.7303e+06,1.1101
3042.6,-4.4953e+05,4.7304e+06,1.1037
3052.5,-4.4949e+05,4.7304e+06,1.1108
3062.3,-4.4945e+05,4.7305e+06,1.1051
3072.2,-4.494e+05,4.7305e+06,1.0914
3082,-4.4936e+05,4.7306e+06,1.1132
3091.9,-4.4932e+05,4.7306e+06,1.1154
3101.7,-4.4928e+05,4.7307e+06,1.1088
3111.5,-4.4924e+05,4.7307e+06,1.1311
3121.4,-4.492e+05,4.7307e+06,1.086
3131.2,-4.4915e+05,4.7308e+06,1.0999
3141.1,-4.4911e+05,4.7308e+06,1.1035
3150.9,-4.4907e+05,4.7309e+06,1.0955
3160.8,-4.4903e+05,4.7309e+06,1.1238
3170.6,-4.4899e+05,4.731e+06,1.101
3180.5,-4.4894e+05,4.731e+06,1.1111
3190.3,-4.489e+05,4.7311e+06,1.1177
3200.2,-4.4886e+05,4.7311e+06,1.0919
3210,-4.4882e+05,4.7311e+06,1.1126
3219.9,-4.4878e+05,4.7312e+06,1.1131
3229.7,-4.4874e+05,4.7312e+06,1.0796
3239.6,-4.4869e+05,4.7313e+06,1.1068
3249.4,-4.4865e+05,4.7313e+06,1.1059
3259.2,-4.4861e+05,4.7314e+06,1.0859
3269.1,-4.4857e+05,4.7314e+06,1.1115
3278.9,-4.4853e+05,4.7315e+06,1.1062
3288.8,-4.4848e+05,4.7315e+06,1.1026
3298.6,-4.4844e+05,4.7316e+06,1.0957
3308.5,-4.484e+05,4.7316e+06,1.1068
3318.3,-4.4836e+05,4.7316e+06,1.1183
3328.2,-4.4832e+05,4.7317e+06,1.1052
3338,-4.4828e+05,4.7317e+06,1.0962
3347.9,-4.4823e+05,4.7318e+06,1.0993
3357.7,-4.4819e+05,4.7318e+06,1.0914
3367.6,-4.4815e+05,4.7319e+06,1.1114
3377.4,-4.4811e+05,4.7319e+06,1.1015
3387.3,-4.4807e+05,4.732e+06,1.097
3397.1,-4.4802e+05,4.732e+06,1.1031
3406.9,-4.4798e+05,4.732e+06,1.0912
3416.8,-4.4794e+05,4.7321e+06,1.0954
3426.6,-4.479e+05,4.7321e+06,1.0807
3436.5,-4.4786e+05,4.7322e+06,1.083
3446.3,-4.4782e+05,4.7322e+06,1.089
3456.2,-4.4777e+05,4.7323e+06,1.0721
3466,-4.4773e+05,4.7323e+06,1.0995
3475.9,-4.4769e+05,4.7324e+06,1.0867
3485.7,-4.4765e+05,4.7324e+06,1.0899
3495.6,-4.4761e+05,4.7324e+06,1.0885
3505.4,-4.4756e+05,4.7325e+06,1.0947
3515.3,-4.4752e+05,4.7325e+06,1.0832
3525.1,-4.4748e+05,4.7326e+06,1.0932
3535,-4.4744e+05,4.7326e+06,1.092
3544.8,-4.474e+05,4.7327e+06,1.1073
3554.6,-4.4736e+05,4.7327e+06,1.0757
3564.5,-4.4731e+05,4.7328e+06,1.1038
3574.3,-4.4727e+05,4.7328e+06,1.0723
3584.2,-4.4723e+05,4.7329e+06,1.0795
3594,-4.4719e+05,4.7329e+06,1.0867
3603.9,-4.4715e+05,4.7329e+06,1.0665
3613.7,-4.471e+05,4.733e+06,1.0658
3623.6,-4.4706e+05,4.733e+06,1.0962
3633.4,-4.4702e+05,4.7331e+06,1.0967
3643.3,-4.4698e+05,4.7331e+06,1.0807
3653.1,-4.4694e+05,4.7332e+06,1.0696
3663,-4.469e+05,4.7332e+06,1.0887
3672.8,-4.4685e+05,4.7333e+06,1.0918
3682.7,-4.4681e+05,4.7333e+06,1.0805
3692.5,-4.4677e+05,4.7333e+06,1.0876
3702.3,-4.4673e+05,4.7334e+06,1.1035
3712.2,-4.4669e+05,4.7334e+06,1.0737
3722,-4.4665e+05,4.7335e+06,1.0835
3731.9,-4.466e+05,4.7335e+06,1.1105
3741.7,-4.4656e+05,4.7336e+06,1.0723
3751.6,-4.4652e+05,4.7336e+06,1.0757
3761.4,-4.4648e+05,4.7337e+06,1.0859
3771.3,-4.4644e+05,4.7337e+06,1.0884
3781.1,-4.4639e+05,4.7338e+06,1.1014
3791,-4.4635e+05,4.7338e+06,1.0757
3800.8,-4.4631e+05,4.7338e+06,1.0769
3810.7,-4.4627e+05,4.7339e+06,1.0767
3820.5,-4.4623e+05,4.7339e+06,1.0736
3830.4,-4.4619e+05,4.734e+06,1.0862
3840.2,-4.4614e+05,4.734e+06,1.0724
3850,-4.461e+05,4.7341e+06,1.072
3859.9,-4.4606e+05,4.7341e+06,1.0753
3869.7,-4.4602e+05,4.7342e+06,1.0683
3879.6,-4.4598e+05,4.7342e+06,1.0823
3889.4,-4.4593e+05,4.7342e+06,1.0793
3899.3,-4.4589e+05,4.7343e+06,1.0649
3909.1,-4.4585e+05,4.7343e+06,1.064
3919,-4.4581e+05,4.7344e+06,1.05
3928.8,-4.4577e+05,4.7344e+06,1.0767
3938.7,-4.4573e+05,4.7345e+06,1.0842
3948.5,-4.4568e+05,4.7345e+06,1.0746
3958.4,-4.4564e+05,4.7346e+06,1.0726
3968.2,-4.456e+05,4.7346e+06,1.072
3978.1,-4.4556e+05,4.7346e+06,1.078
3987.9,-4.4552e+05,4.7347e+06,1.0548
3997.7,-4.4548e+05,4.7347e+06,1.0608
4007.6,-4.4543e+05,4.7348e+06,1.0752
4017.4,-4.4539e+05,4.7348e+06,1.0903
4027.3,-4.4535e+05,4.7349e+06,1.054
4037.1,-4.4531e+05,4.7349e+06,1.0721
4047,-4.4527e+05,4.735e+06,1.0723
4056.8,-4.4522e+05,4.735e+06,1.0689
4066.7,-4.4518e+05,4.7351e+06,1.0656
4076.5,-4.4514e+05,4.7351e+06,1.0629
4086.4,-4.451e+05,4.7351e+06,1.0695
4096.2,-4.4506e+05,4.7352e+06,1.0673
4106.1,-4.4502e+05,4.7352e+06,1.0693
4115.9,-4.4497e+05,4.7353e+06,1.056
4125.8,-4.4493e+05,4.7353e+06,1.0497
4135.6,-4.4489e+05,4.7354e+06,1.0527
4145.4,-4.4485e+05,4.7354e+06,1.0573
4155.3,-4.4481e+05,4.7355e+06,1.0643
4165.1,-4.4477e+05,4.7355e+06,1.0537
4175,-4.4472e+05,4.7355e+06,1.0614
4184.8,-4.4468e+05,4.7356e+06,1.0724
4194.7,-4.4464e+05,4.7356e+06,1.0588
4204.5,-4.446e+05,4.7357e+06,1.066
4214.4,-4.4456e+05,4.7357e+06,1.059
4224.2,-4.4451e+05,4.7358e+06,1.0729
4234.1,-4.4447e+05,4.7358e+06,1.0455
4243.9,-4.4443e+05,4.7359e+06,1.0789
4253.8,-4.4439e+05,4.7359e+06,1.0619
4263.6,-4.4435e+05,4.736e+06,1.0541
4273.5,-4.4431e+05,4.736e+06,1.0509
4283.3,-4.4426e+05,4.736e+06,1.0577
4293.1,-4.4422e+05,4.7361e+06,1.0485
4303,-4.4418e+05,4.7361e+06,1.063
4312.8,-4.4414e+05,4.7362e+06,1.0518
4322.7,-4.441e+05,4.7362e+06,1.0563
4332.5,-4.4406e+05,4.7363e+06,1.0489
4342.4,-4.4401e+05,4.7363e+06,1.0571
4352.2,-4.4397e+05,4.7364e+06,1.0579
4362.1,-4.4393e+05,4.7364e+06,1.0517
4371.9,-4.4389e+05,4.7364e+06,1.0656
4381.8,-4.4385e+05,4.7365e+06,1.0335
4391.6,-4.4381e+05,4.7365e+06,1.0644
4401.5,-4.4376e+05,4.7366e+06,1.0747
4411.3,-4.4372e+05,4.7366e+06,1.0537
4421.2,-4.4368e+05,4.7367e+06,1.0567
4431,-4.4364e+05,4.7367e+06,1.0522
4440.8,-4.436e+05,4.7368e+06,1.0401
4450.7,-4.4355e+05,4.7368e+06,1.0559
4460.5,-4.4351e+05,4.7368e+06,1.0464
4470.4,-4.4347e+05,4.7369e+06,1.0782
4480.2,-4.4343e+05,4.7369e+06,1.0394
4490.1,-4.4339e+05,4.737e+06,1.0556
4499.9,-4.4335e+05,4.737e+06,1.0382
4509.8,-4.433e+05,4.7371e+06,1.0427
4519.6,-4.4326e+05,4.7371e+06,1.0492
4529.5,-4.4322e+05,4.7372e+06,1.0429
4539.3,-4.4318e+05,4.7372e+06,1.0326
4549.2,-4.4314e+05,4.7373e+06,1.0581
4559,-4.431e+05,4.7373e+06,1.0569
4568.9,-4.4305e+05,4.7373e+06,1.0416
4578.7,-4.4301e+05,4.7374e+06,1.0512
4588.5,-4.4297e+05,4.7374e+06,1.0453
4598.4,-4.4293e+05,4.7375e+06,1.0459
4608.2,-4.4289e+05,4.7375e+06,1.0397
4618.1,-4.4285e+05,4.7376e+06,1.0409
4627.9,-4.428e+05,4.7376e+06,1.0449
4637.8,-4.4276e+05,4.7377e+06,1.0457
4647.6,-4.4272e+05,4.7377e+06,1.0618
4657.5,-4.4268e+05,4.7377e+06,1.0512
4667.3,-4.4264e+05,4.7378e+06,1.0512
4677.2,-4.426e+05,4.7378e+06,1.0288
4687,-4.4255e+05,4.7379e+06,1.0625
4696.9,-4.4251e+05,4.7379e+06,1.0311
4706.7,-4.4247e+05,4.738e+06,1.0388
4716.6,-4.4243e+05,4.738e+06,1.0363
4726.4,-4.4239e+05,4.7381e+06,1.0451
4736.2,-4.4234e+05,4.7381e+06,1.0519
4746.1,-4.423e+05,4.7382e+06,1.0416
4755.9,-4.4225e+05,4.7382e+06,1.0288
4765.8,-4.4221e+05,4.7383e+06,1.0434
4775.6,-4.4217e+05,4.7383e+06,1.0394
4785.5,-4.4212e+05,4.7383e+06,1.0548
4795.3,-4.4208e+05,4.7384e+06,1.043
4805.2,-4.4203e+05,4.7384e+06,1.0378
4815,-4.4199e+05,4.7385e+06,1.0357
4824.9,-4.4194e+05,4.7385e+06,1.0484
4834.7,-4.419e+05,4.7386e+06,1.0438
4844.6,-4.4185e+05,4.7386e+06,1.0368
4854.4,-4.4181e+05,4.7387e+06,1.0221
4864.3,-4.4176e+05,4.7387e+06,1.0246
4874.1,-4.4172e+05,4.7388e+06,1.0332
4883.9,-4.4167e+05,4.7388e+06,1.0329
4893.8,-4.4163e+05,4.7389e+06,1.0412
4903.6,-4.4159e+05,4.7389e+06,1.0471
4913.5,-4.4155e+05,4.739e+06,1.0391
4923.3,-4.4151e+05,4.739e+06,1.0391
4933.2,-4.4147e+05,4.739e+06,1.0296
4943,-4.4143e+05,4.7391e+06,1.0422
4952.9,-4.4139e+05,4.7391e+06,1.0437
4962.7,-4.4135e+05,4.7392e+06,1.0393
4972.6,-4.4131e+05,4.7392e+06,1.0363
4982.4,-4.4127e+05,4.7393e+06,1.0362
4992.3,-4.4122e+05,4.7393e+06,1.016
5002.1,-4.4118e+05,4.7393e+06,1.0349
5012,-4.4114e+05,4.7394e+06,1.0249
5021.8,-4.411e+05,4.7394e+06,1.0239
5031.6,-4.4106e+05,4.7395e+06,1.038
5041.5,-4.4102e+05,4.7395e+06,1.0258
5051.3,-4.4097e+05,4.7396e+06,1.0392
5061.2,-4.4093e+05,4.7396e+06,1.0413
5071,-4.4089e+05,4.7397e+06,1.0378
5080.9,-4.4084e+05,4.7397e+06,1.0172
5090.7,-4.408e+05,4.7398e+06,1.0489
5100.6,-4.4075e+05,4.7398e+06,1.0335
5110.4,-4.4071e+05,4.7399e+06,1.024
5120.3,-4.4066e+05,4.7399e+06,1.0309
5130.1,-4.4062e+05,4.74e+06,1.0207
5140,-4.4058e+05,4.74e+06,1.024
5149.8,-4.4053e+05,4.74e+06,1.0245
5159.7,-4.4049e+05,4.7401e+06,1.0247
5169.5,-4.4044e+05,4.7401e+06,1.0011
5179.3,-4.404e+05,4.7402e+06,1.01
5189.2,-4.4035e+05,4.7402e+06,1.0276
5199,-4.4031e+05,4.7403e+06,1.0103
5208.9,-4.4027e+05,4.7403e+06,1.0274
5218.7,-4.4022e+05,4.7404e+06,1.018
5228.6,-4.4018e+05,4.7404e+06,1.0315
5238.4,-4.4014e+05,4.7405e+06,1.024
5248.3,-4.401e+05,4.7405e+06,1.0238
5258.1,-4.4005e+05,4.7406e+06,1.0349
5268,-4.4001e+05,4.7406e+06,1.0235
5277.8,-4.3997e+05,4.7407e+06,1.0209
5287.7,-4.3993e+05,4.7407e+06,1.0258
5297.5,-4.3988e+05,4.7407e+06,1.0149
5307.4,-4.3984e+05,4.7408e+06,1.032
5317.2,-4.398e+05,4.7408e+06,0.99518
5327,-4.3975e+05,4.7409e+06,0.98963
5336.9,-4.3971e+05,4.7409e+06,1.0253
5346.7,-4.3967e+05,4.741e+06,1.0256
5356.6,-4.3963e+05,4.741e+06,1.0135
5366.4,-4.3958e+05,4.7411e+06,1.0081
5376.3,-4.3954e+05,4.7411e+06,1.0061
5386.1,-4.395e+05,4.7412e+06,0.99895
5396,-4.3946e+05,4.7412e+06,1.0189
5405.8,-4.3941e+05,4.7412e+06,1.0166
5415.7,-4.3937e+05,4.7413e+06,1.0056
5425.5,-4.3933e+05,4.7413e+06,1.0165
5435.4,-4.3928e+05,4.7414e+06,1.0033
5445.2,-4.3924e+05,4.7414e+06,1.0047
5455.1,-4.392e+05,4.7415e+06,1.0137
5464.9,-4.3916e+05,4.7415e+06,1.0085
5474.7,-4.3911e+05,4.7416e+06,1.0067
5484.6,-4.3907e+05,4.7416e+06,1.0203
5494.4,-4.3903e+05,4.7417e+06,1.0079
5504.3,-4.3898e+05,4.7417e+06,1.0077
5514.1,-4.3894e+05,4.7418e+06,1.0236
5524,-4.389e+05,4.7418e+06,1.0071
5533.8,-4.3886e+05,4.7419e+06,0.98903
5543.7,-4.3881e+05,4.7419e+06,1.0205
5553.5,-4.3877e+05,4.7419e+06,0.98966
5563.4,-4.3873e+05,4.742e+06,1.004
5573.2,-4.3868e+05,4.742e+06,1.0057
5583.1,-4.3864e+05,4.7421e+06,1.0051
5592.9,-4.386e+05,4.7421e+06,1.0085
5602.8,-4.3856e+05,4.7422e+06,1.0125
5612.6,-4.3851e+05,4.7422e+06,0.9872
5622.4,-4.3847e+05,4.7423e+06,1.014
5632.3,-4.3843e+05,4.7423e+06,0.99261
5642.1,-4.3838e+05,4.7424e+06,0.99679
5652,-4.3834e+05,4.7424e+06,1.0082
5661.8,-4.383e+05,4.7425e+06,1.0011
5671.7,-4.3826e+05,4.7425e+06,0.98639
5681.5,-4.3821e+05,4.7426e+06,1.019
5691.4,-4.3817e+05,4.7426e+06,1.0137
5701.2,-4.3813e+05,4.7426e+06,0.99461
5711.1,-4.3808e+05,4.7427e+06,1.0098
5720.9,-4.3804e+05,4.7427e+06,0.99047
5730.8,-4.38e+05,4.7428e+06,0.99586
5740.6,-4.3796e+05,4.7428e+06,0.99918
5750.5,-4.3792e+05,4.7429e+06,0.99108
5760.3,-4.3788e+05,4.7429e+06,1.0197
5770.1,-4.3784e+05,4.743e+06,0.99613
5780,-4.378e+05,4.743e+06,0.99605
5789.8,-4.3776e+05,4.743e+06,0.99178
5799.7,-4.3772e+05,4.7431e+06,0.98949
5809.5,-4.3769e+05,4.7431e+06,1.0064
5819.4,-4.3765e+05,4.7432e+06,0.9967
5829.2,-4.3761e+05,4.7432e+06,0.98456
5839.1,-4.3757e+05,4.7433e+06,0.98834
5848.9,-4.3753e+05,4.7433e+06,0.99053
5858.8,-4.3748e+05,4.7433e+06,0.98778
5868.6,-4.3744e+05,4.7434e+06,1.0079
5878.5,-4.374e+05,4.7434e+06,1.0066
5888.3,-4.3735e+05,4.7435e+06,0.98797
5898.2,-4.3731e+05,4.7435e+06,0.96592
5908,-4.3727e+05,4.7436e+06,0.99058
5917.8,-4.3722e+05,4.7436e+06,0.98281
5927.7,-4.3718e+05,4.7437e+06,0.99387
5937.5,-4.3714e+05,4.7437e+06,0.97792
5947.4,-4.371e+05,4.7438e+06,0.9791
5957.2,-4.3705e+05,4.7438e+06,0.999
5967.1,-4.3701e+05,4.7439e+06,0.99677
5976.9,-4.3697e+05,4.7439e+06,0.99464
5986.8,-4.3692e+05,4.744e+06,0.97662
5996.6,-4.3688e+05,4.744e+06,0.9904
6006.5,-4.3684e+05,4.7441e+06,0.98764
6016.3,-4.3679e+05,4.7441e+06,0.96953
6026.2,-4.3675e+05,4.7442e+06,0.99853
6036,-4.3671e+05,4.7442e+06,1.001
6045.9,-4.3666e+05,4.7443e+06,0.97603
6055.7,-4.3662e+05,4.7443e+06,0.98211
6065.5,-4.3658e+05,4.7444e+06,0.98853
6075.4,-4.3654e+05,4.7444e+06,0.98291
6085.2,-4.3649e+05,4.7445e+06,0.96867
6095.1,-4.3645e+05,4.7445e+06,0.99013
6104.9,-4.3641e+05,4.7446e+06,0.99452
6114.8,-4.3637e+05,4.7446e+06,0.98385
6124.6,-4.3633e+05,4.7446e+06,1.0014
6134.5,-4.363e+05,4.7447e+06,0.96997
6144.3,-4.3626e+05,4.7447e+06,0.97225
6154.2,-4.3623e+05,4.7448e+06,0.97432
6164,-4.3619e+05,4.7448e+06,0.9905
6173.9,-4.3616e+05,4.7448e+06,1.0001
6183.7,-4.3612e+05,4.7449e+06,0.97963
6193.6,-4.3608e+05,4.7449e+06,0.98473
6203.4,-4.3605e+05,4.745e+06,0.97699
6213.2,-4.3601e+05,4.745e+06,0.96414
6223.1,-4.3598e+05,4.7451e+06,0.97515
6232.9,-4.3594e+05,4.7451e+06,1.0035
6242.8,-4.359e+05,4.7451e+06,0.98353
6252.6,-4.3586e+05,4.7452e+06,0.97227
6262.5,-4.3581e+05,4.7452e+06,0.99004
6272.3,-4.3577e+05,4.7453e+06,0.98014
6282.2,-4.3572e+05,4.7453e+06,0.98436
6292,-4.3567e+05,4.7454e+06,0.95792
6301.9,-4.3563e+05,4.7455e+06,0.96727
6311.7,-4.3558e+05,4.7455e+06,0.97317
6321.6,-4.3554e+05,4.7456e+06,0.99005
6331.4,-4.3549e+05,4.7456e+06,0.97424
6341.3,-4.3545e+05,4.7457e+06,0.96616
6351.1,-4.354e+05,4.7457e+06,0.97125
6360.9,-4.3535e+05,4.7458e+06,0.96448
6370.8,-4.3531e+05,4.7458e+06,0.97483
6380.6,-4.3526e+05,4.7459e+06,0.9722
6390.5,-4.3522e+05,4.7459e+06,0.97585
6400.3,-4.3517e+05,4.746e+06,0.96118
6410.2,-4.3513e+05,4.746e+06,0.98319
6420,-4.3508e+05,4.7461e+06,0.95566
6429.9,-4.3503e+05,4.7461e+06,0.96593
6439.7,-4.3499e+05,4.7462e+06,0.96087
6449.6,-4.3494e+05,4.7462e+06,0.97711
6459.4,-4.349e+05,4.7463e+06,0.96488
6469.3,-4.3486e+05,4.7463e+06,0.96477
6479.1,-4.3483e+05,4.7464e+06,0.9783
6489,-4.3479e+05,4.7464e+06,0.9625
6498.8,-4.3476e+05,4.7464e+06,0.97112
6508.6,-4.3472e+05,4.7465e+06,0.95988
6518.5,-4.3469e+05,4.7465e+06,0.95728
6528.3,-4.3465e+05,4.7466e+06,0.96425
6538.2,-4.3462e+05,4.7466e+06,0.97398
6548,-4.3458e+05,4.7466e+06,0.96146
6557.9,-4.3455e+05,4.7467e+06,0.95964
6567.7,-4.3452e+05,4.7467e+06,0.96918
6577.6,-4.3448e+05,4.7468e+06,0.96434
6587.4,-4.3445e+05,4.7468e+06,0.94611
6597.3,-4.3441e+05,4.7468e+06,0.96807
6607.1,-4.3438e+05,4.7469e+06,0.95991
6617,-4.3434e+05,4.7469e+06,0.9718
6626.8,-4.3431e+05,4.747e+06,0.95354
6636.7,-4.3427e+05,4.747e+06,0.96776
6646.5,-4.3424e+05,4.747e+06,0.94773
6656.3,-4.342e+05,4.7471e+06,0.97506
6666.2,-4.3417e+05,4.7471e+06,0.93781
6676,-4.3413e+05,4.7472e+06,0.95414
6685.9,-4.3409e+05,4.7472e+06,0.96234
6695.7,-4.3404e+05,4.7473e+06,0.97041
6705.6,-4.34e+05,4.7473e+06,0.96522
6715.4,-4.3395e+05,4.7474e+06,0.96266
6725.3,-4.339e+05,4.7474e+06,0.96802
6735.1,-4.3386e+05,4.7475e+06,0.95272
6745,-4.3381e+05,4.7475e+06,0.95457
6754.8,-4.3376e+05,4.7476e+06,0.95927
6764.7,-4.3372e+05,4.7476e+06,0.94084
6774.5,-4.3367e+05,4.7477e+06,0.92925
6784.4,-4.3362e+05,4.7477e+06,0.96785
6794.2,-4.3358e+05,4.7478e+06,0.9514
6804,-4.3354e+05,4.7478e+06,0.95738
6813.9,-4.335e+05,4.7479e+06,0.93559
6823.7,-4.3345e+05,4.7479e+06,0.96326
6833.6,-4.3341e+05,4.748e+06,0.93564
6843.4,-4.3337e+05,4.748e+06,0.95599
6853.3,-4.3332e+05,4.7481e+06,0.96598
6863.1,-4.3328e+05,4.7481e+06,0.96396
6873,-4.3324e+05,4.7482e+06,0.94731
6882.8,-4.332e+05,4.7482e+06,0.95929
6892.7,-4.3315e+05,4.7483e+06,0.94855
6902.5,-4.3311e+05,4.7483e+06,0.94383
6912.4,-4.3307e+05,4.7484e+06,0.94154
6922.2,-4.3302e+05,4.7484e+06,0.92746
6932.1,-4.3297e+05,4.7485e+06,0.9323
6941.9,-4.3293e+05,4.7485e+06,0.94882
6951.7,-4.3289e+05,4.7486e+06,0.9314
6961.6,-4.3285e+05,4.7486e+06,0.93983
6971.4,-4.3281e+05,4.7487e+06,0.95504
6981.3,-4.3277e+05,4.7487e+06,0.9475
6991.1,-4.3273e+05,4.7488e+06,0.94146
7001,-4.3269e+05,4.7488e+06,0.94825
7010.8,-4.3265e+05,4.7489e+06,0.92404
7020.7,-4.3261e+05,4.7489e+06,0.94577
7030.5,-4.3257e+05,4.749e+06,0.94435
7040.4,-4.3253e+05,4.749e+06,0.92529
7050.2,-4.3249e+05,4.7491e+06,0.95533
7060.1,-4.3246e+05,4.7491e+06,0.92622
7069.9,-4.3242e+05,4.7491e+06,0.94912
7079.8,-4.3238e+05,4.7492e+06,0.93757
7089.6,-4.3234e+05,4.7492e+06,0.93535
7099.4,-4.323e+05,4.7493e+06,0.93458
7109.3,-4.3226e+05,4.7493e+06,0.93524
7119.1,-4.3222e+05,4.7494e+06,0.92819
7129,-4.3218e+05,4.7494e+06,0.93032
7138.8,-4.3214e+05,4.7495e+06,0.93117
7148.7,-4.3211e+05,4.7495e+06,0.94515
7158.5,-4.3207e+05,4.7495e+06,0.92507
7168.4,-4.3204e+05,4.7496e+06,0.93763
7178.2,-4.32e+05,4.7496e+06,0.93961
7188.1,-4.3196e+05,4.7497e+06,0.92187
7197.9,-4.3193e+05,4.7497e+06,0.95118
7207.8,-4.3189e+05,4.7497e+06,0.91589
7217.6,-4.3186e+05,4.7498e+06,0.93487
7227.5,-4.3182e+05,4.7498e+06,0.92001
7237.3,-4.3179e+05,4.7499e+06,0.93449
7247.1,-4.3175e+05,4.7499e+06,0.92954
7257,-4.3171e+05,4.75e+06,0.92864
7266.8,-4.3168e+05,4.75e+06,0.92481
7276.7,-4.3164e+05,4.75e+06,0.93595
7286.5,-4.3161e+05,4.7501e+06,0.9271
7296.4,-4.3157e+05,4.7501e+06,0.928
7306.2,-4.3154e+05,4.7502e+06,0.94152
7316.1,-4.315e+05,4.7502e+06,0.94297
7325.9,-4.3146e+05,4.7502e+06,0.93718
7335.8,-4.3143e+05,4.7503e+06,0.92748
7345.6,-4.3139e+05,4.7503e+06,0.93318
7355.5,-4.3136e+05,4.7504e+06,0.92123
7365.3,-4.3132e+05,4.7504e+06,0.92375
7375.2,-4.3129e+05,4.7505e+06,0.9155
7385,-4.3124e+05,4.7505e+06,0.92098
7394.8,-4.3118e+05,4.7506e+06,0.9173
7404.7,-4.3113e+05,4.7506e+06,0.91558
7414.5,-4.3107e+05,4.7507e+06,0.92397
7424.4,-4.3101e+05,4.7508e+06,0.93876
7434.2,-4.3096e+05,4.7508e+06,0.92093
7444.1,-4.309e+05,4.7509e+06,0.93647
7453.9,-4.3085e+05,4.751e+06,0.9295
7463.8,-4.3079e+05,4.751e+06,0.92477
7473.6,-4.3076e+05,4.7511e+06,0.92142
7483.5,-4.3072e+05,4.7511e+06,0.92329
7493.3,-4.3068e+05,4.7511e+06,0.95784
7503.2,-4.3065e+05,4.7512e+06,0.9335
7513,-4.3061e+05,4.7512e+06,0.92915
7522.9,-4.3058e+05,4.7513e+06,0.93242
7532.7,-4.3054e+05,4.7513e+06,0.91985
7542.5,-4.305e+05,4.7514e+06,0.93629
7552.4,-4.3047e+05,4.7514e+06,0.9263
7562.2,-4.3043e+05,4.7514e+06,0.92193
7572.1,-4.3039e+05,4.7515e+06,0.90844
7581.9,-4.3036e+05,4.7515e+06,0.91202
7591.8,-4.3032e+05,4.7516e+06,0.91717
7601.6,-4.3028e+05,4.7516e+06,0.91208
7611.5,-4.3024e+05,4.7517e+06,0.90911
7621.3,-4.3019e+05,4.7517e+06,0.91597
7631.2,-4.3014e+05,4.7518e+06,0.94206
7641,-4.301e+05,4.7518e+06,0.91555
7650.9,-4.3005e+05,4.7519e+06,0.93499
7660.7,-4.3e+05,4.7519e+06,0.91314
7670.6,-4.2996e+05,4.752e+06,0.91587
7680.4,-4.2991e+05,4.752e+06,0.91178
7690.2,-4.2986e+05,4.7521e+06,0.92385
7700.1,-4.2981e+05,4.7521e+06,0.92381
7709.9,-4.2977e+05,4.7522e+06,0.91573
7719.8,-4.2972e+05,4.7522e+06,0.93587
7729.6,-4.2969e+05,4.7523e+06,0.9335
7739.5,-4.2965e+05,4.7523e+06,0.91
7749.3,-4.2961e+05,4.7524e+06,0.92472
7759.2,-4.2957e+05,4.7524e+06,0.91999
7769,-4.2953e+05,4.7525e+06,0.89846
7778.9,-4.2949e+05,4.7525e+06,0.90922
7788.7,-4.2946e+05,4.7526e+06,0.91807
7798.6,-4.2942e+05,4.7526e+06,0.92391
7808.4,-4.2938e+05,4.7526e+06,0.90341
7818.3,-4.2934e+05,4.7527e+06,0.89911
7828.1,-4.293e+05,4.7527e+06,0.89275
7837.9,-4.2926e+05,4.7528e+06,0.90313
7847.8,-4.2923e+05,4.7528e+06,0.89773
7857.6,-4.2919e+05,4.7529e+06,0.90691
7867.5,-4.2915e+05,4.7529e+06,0.90198
7877.3,-4.2911e+05,4.7529e+06,0.91474
7887.2,-4.2907e+05,4.753e+06,0.90747
7897,-4.2903e+05,4.753e+06,0.91124
7906.9,-4.29e+05,4.7531e+06,0.89305
7916.7,-4.2896e+05,4.7531e+06,0.9009
7926.6,-4.2892e+05,4.7532e+06,0.90208
7936.4,-4.2888e+05,4.7532e+06,0.89547
7946.3,-4.2884e+05,4.7532e+06,0.90144
7956.1,-4.288e+05,4.7533e+06,0.9055
7966,-4.2877e+05,4.7533e+06,0.90218
7975.8,-4.2873e+05,4.7534e+06,0.91449
7985.6,-4.2869e+05,4.7534e+06,0.89418
7995.5,-4.2865e+05,4.7535e+06,0.89793
8005.3,-4.286e+05,4.7535e+06,0.89928
8015.2,-4.2856e+05,4.7536e+06,0.90693
8025,-4.2852e+05,4.7536e+06,0.90374
8034.9,-4.2848e+05,4.7537e+06,0.88367
8044.7,-4.2844e+05,4.7537e+06,0.88658
8054.6,-4.284e+05,4.7537e+06,0.90199
8064.4,-4.2835e+05,4.7538e+06,0.90167
8074.3,-4.2831e+05,4.7538e+06,0.9021
8084.1,-4.2827e+05,4.7539e+06,0.89643
8094,-4.2823e+05,4.7539e+06,0.9115
8103.8,-4.2819e+05,4.754e+06,0.90329
8113.7,-4.2814e+05,4.754e+06,0.87331
8123.5,-4.281e+05,4.7541e+06,0.86916
8133.3,-4.2805e+05,4.7541e+06,0.88454
8143.2,-4.2801e+05,4.7542e+06,0.90261
8153,-4.2796e+05,4.7542e+06,0.89614
8162.9,-4.2791e+05,4.7543e+06,0.89139
8172.7,-4.2787e+05,4.7543e+06,0.90038
8182.6,-4.2782e+05,4.7544e+06,0.90956
8192.4,-4.2777e+05,4.7544e+06,0.89136
8202.3,-4.2773e+05,4.7545e+06,0.92291
8212.1,-4.2768e+05,4.7545e+06,0.89465
8222,-4.2763e+05,4.7546e+06,0.89692
8231.8,-4.2759e+05,4.7547e+06,0.88177
8241.7,-4.2754e+05,4.7547e+06,0.89164
8251.5,-4.275e+05,4.7548e+06,0.89567
8261.4,-4.2746e+05,4.7548e+06,0.88156
8271.2,-4.2742e+05,4.7548e+06,0.88755
8281,-4.2738e+05,4.7549e+06,0.8978
8290.9,-4.2734e+05,4.7549e+06,0.88761
8300.7,-4.273e+05,4.755e+06,0.89578
8310.6,-4.2727e+05,4.755e+06,0.89214
8320.4,-4.2723e+05,4.7551e+06,0.884
8330.3,-4.2719e+05,4.7551e+06,0.89347
8340.1,-4.2715e+05,4.7551e+06,0.87761
8350,-4.2711e+05,4.7552e+06,0.87695
8359.8,-4.2707e+05,4.7552e+06,0.87183
8369.7,-4.2703e+05,4.7553e+06,0.87932
8379.5,-4.27e+05,4.7553e+06,0.88842
8389.4,-4.2695e+05,4.7554e+06,0.87667
8399.2,-4.269e+05,4.7554e+06,0.87553
8409.1,-4.2685e+05,4.7555e+06,0.88501
8418.9,-4.268e+05,4.7555e+06,0.87698
8428.7,-4.2675e+05,4.7556e+06,0.8736
8438.6,-4.267e+05,4.7556e+06,0.87325
8448.4,-4.2665e+05,4.7557e+06,0.86818
8458.3,-4.266e+05,4.7557e+06,0.88664
8468.1,-4.2655e+05,4.7558e+06,0.85668
8478,-4.265e+05,4.7559e+06,0.87942
8487.8,-4.2645e+05,4.7559e+06,0.88026
8497.7,-4.2641e+05,4.756e+06,0.88724
8507.5,-4.2636e+05,4.756e+06,0.88219
8517.4,-4.2632e+05,4.7561e+06,0.88139
8527.2,-4.2628e+05,4.7561e+06,0.89208
8537.1,-4.2623e+05,4.7562e+06,0.86063
8546.9,-4.2619e+05,4.7562e+06,0.8675
8556.8,-4.2615e+05,4.7562e+06,0.86579
8566.6,-4.2611e+05,4.7563e+06,0.8707
8576.4,-4.2606e+05,4.7563e+06,0.86291
8586.3,-4.2602e+05,4.7564e+06,0.88592
8596.1,-4.2598e+05,4.7564e+06,0.87513
8606,-4.2594e+05,4.7565e+06,0.8743
8615.8,-4.2589e+05,4.7565e+06,0.87706
8625.7,-4.2585e+05,4.7566e+06,0.86682
8635.5,-4.2581e+05,4.7566e+06,0.85476
8645.4,-4.2577e+05,4.7567e+06,0.86992
8655.2,-4.2572e+05,4.7567e+06,0.87128
8665.1,-4.2568e+05,4.7568e+06,0.8675
8674.9,-4.2564e+05,4.7568e+06,0.89897
8684.8,-4.256e+05,4.7569e+06,0.87068
8694.6,-4.2555e+05,4.7569e+06,0.86553
8704.5,-4.2551e+05,4.757e+06,0.88815
8714.3,-4.2547e+05,4.757e+06,0.86903
8724.1,-4.2543e+05,4.757e+06,0.87891
8734,-4.2538e+05,4.7571e+06,0.87036
8743.8,-4.2534e+05,4.7571e+06,0.85916
8753.7,-4.253e+05,4.7572e+06,0.88325
8763.5,-4.2526e+05,4.7572e+06,0.86533
8773.4,-4.2521e+05,4.7573e+06,0.87084
8783.2,-4.2517e+05,4.7573e+06,0.84956
8793.1,-4.2513e+05,4.7574e+06,0.88366
8802.9,-4.2509e+05,4.7574e+06,0.87162
8812.8,-4.2504e+05,4.7575e+06,0.8838
8822.6,-4.25e+05,4.7575e+06,0.86331
8832.5,-4.2496e+05,4.7576e+06,0.86687
8842.3,-4.2492e+05,4.7576e+06,0.85062
8852.2,-4.2487e+05,4.7577e+06,0.86332
8862,-4.2483e+05,4.7577e+06,0.8544
8871.8,-4.2479e+05,4.7578e+06,0.8602
8881.7,-4.2474e+05,4.7578e+06,0.85429
8891.5,-4.247e+05,4.7578e+06,0.86241
8901.4,-4.2466e+05,4.7579e+06,0.87166
8911.2,-4.2462e+05,4.7579e+06,0.87026
8921.1,-4.2457e+05,4.758e+06,0.85029
8930.9,-4.2453e+05,4.758e+06,0.8637
8940.8,-4.2449e+05,4.7581e+06,0.82447
8950.6,-4.2445e+05,4.7581e+06,0.85653
8960.5,-4.244e+05,4.7582e+06,0.86274
8970.3,-4.2436e+05,4.7582e+06,0.85934
8980.2,-4.2432e+05,4.7583e+06,0.87742
8990,-4.2428e+05,4.7583e+06,0.87108
8999.9,-4.2424e+05,4.7584e+06,0.86932
9009.7,-4.2421e+05,4.7584e+06,0.85234
9019.5,-4.2417e+05,4.7584e+06,0.84477
9029.4,-4.2414e+05,4.7585e+06,0.85785
9039.2,-4.241e+05,4.7585e+06,0.85825
9049.1,-4.2407e+05,4.7585e+06,0.85218
9058.9,-4.2403e+05,4.7586e+06,0.8663
9068.8,-4.24e+05,4.7586e+06,0.85286
9078.6,-4.2396e+05,4.7587e+06,0.86041
9088.5,-4.2393e+05,4.7587e+06,0.87927
9098.3,-4.2389e+05,4.7587e+06,0.85249
9108.2,-4.2386e+05,4.7588e+06,0.85507
9118,-4.2382e+05,4.7588e+06,0.84272
9127.9,-4.2379e+05,4.7589e+06,0.8554
9137.7,-4.2375e+05,4.7589e+06,0.85097
9147.6,-4.2372e+05,4.7589e+06,0.85681
9157.4,-4.2367e+05,4.759e+06,0.8562
9167.2,-4.2362e+05,4.759e+06,0.84189
9177.1,-4.2357e+05,4.7591e+06,0.84732
9186.9,-4.2352e+05,4.7592e+06,0.85442
9196.8,-4.2347e+05,4.7592e+06,0.83434
9206.6,-4.2342e+05,4.7593e+06,0.84968
9216.5,-4.2337e+05,4.7593e+06,0.84434
9226.3,-4.2332e+05,4.7594e+06,0.84563
9236.2,-4.2327e+05,4.7594e+06,0.84585
9246,-4.2322e+05,4.7595e+06,0.83022
9255.9,-4.2318e+05,4.7595e+06,0.84166
9265.7,-4.2315e+05,4.7596e+06,0.85549
9275.6,-4.2311e+05,4.7596e+06,0.82665
9285.4,-4.2307e+05,4.7597e+06,0.85234
9295.3,-4.2303e+05,4.7597e+06,0.86269
9305.1,-4.23e+05,4.7597e+06,0.83999
9314.9,-4.2296e+05,4.7598e+06,0.85042
9324.8,-4.2292e+05,4.7598e+06,0.8224
9334.6,-4.2288e+05,4.7599e+06,0.85261
9344.5,-4.2285e+05,4.7599e+06,0.82721
9354.3,-4.2281e+05,4.7599e+06,0.84502
9364.2,-4.2277e+05,4.76e+06,0.83773
9374,-4.2274e+05,4.76e+06,0.83851
9383.9,-4.227e+05,4.7601e+06,0.85583
9393.7,-4.2266e+05,4.7601e+06,0.85759
9403.6,-4.2261e+05,4.7602e+06,0.84496
9413.4,-4.2255e+05,4.7602e+06,0.83782
9423.3,-4.225e+05,4.7603e+06,0.83601
9433.1,-4.2244e+05,4.7603e+06,0.83982
9443,-4.2238e+05,4.7604e+06,0.81841
9452.8,-4.2232e+05,4.7605e+06,0.83417
9462.6,-4.2227e+05,4.7605e+06,0.85833
9472.5,-4.2221e+05,4.7606e+06,0.82344
9482.3,-4.2215e+05,4.7607e+06,0.85067
9492.2,-4.2209e+05,4.7607e+06,0.84873
9502,-4.2205e+05,4.7608e+06,0.83858
9511.9,-4.2201e+05,4.7608e+06,0.83221
9521.7,-4.2197e+05,4.7609e+06,0.83979
9531.6,-4.2193e+05,4.7609e+06,0.85684
9541.4,-4.2189e+05,4.7609e+06,0.83193
9551.3,-4.2185e+05,4.761e+06,0.85187
9561.1,-4.2181e+05,4.761e+06,0.8378
9571,-4.2177e+05,4.7611e+06,0.83211
9580.8,-4.2173e+05,4.7611e+06,0.8477
9590.7,-4.2169e+05,4.7612e+06,0.82447
9600.5,-4.2165e+05,4.7612e+06,0.83088
9610.3,-4.2161e+05,4.7612e+06,0.83267
9620.2,-4.2157e+05,4.7613e+06,0.83134
9630,-4.2153e+05,4.7613e+06,0.84327
9639.9,-4.2149e+05,4.7614e+06,0.8355
9649.7,-4.2145e+05,4.7614e+06,0.82691
9659.6,-4.2141e+05,4.7615e+06,0.81821
9669.4,-4.2138e+05,4.7615e+06,0.82096
9679.3,-4.2134e+05,4.7615e+06,0.83706
9689.1,-4.213e+05,4.7616e+06,0.83937
9699,-4.2126e+05,4.7616e+06,0.84298
9708.8,-4.2123e+05,4.7617e+06,0.82127
9718.7,-4.2119e+05,4.7617e+06,0.81827
9728.5,-4.2115e+05,4.7617e+06,0.83867
9738.4,-4.2112e+05,4.7618e+06,0.82018
9748.2,-4.2108e+05,4.7618e+06,0.83738
9758,-4.2104e+05,4.7619e+06,0.7941
9767.9,-4.21e+05,4.7619e+06,0.82641
9777.7,-4.2097e+05,4.7619e+06,0.82954
9787.6,-4.2092e+05,4.762e+06,0.82287
9797.4,-4.2087e+05,4.762e+06,0.81132
9807.3,-4.2082e+05,4.7621e+06,0.82014
9817.1,-4.2077e+05,4.7622e+06,0.82686
9827,-4.2072e+05,4.7622e+06,0.8185
9836.8,-4.2067e+05,4.7623e+06,0.82883
9846.7,-4.2062e+05,4.7623e+06,0.82783
9856.5,-4.2057e+05,4.7624e+06,0.82423
9866.4,-4.2052e+05,4.7624e+06,0.81893
9876.2,-4.2047e+05,4.7625e+06,0.81281
9886.1,-4.2042e+05,4.7625e+06,0.81248
9895.9,-4.2038e+05,4.7626e+06,0.83765
9905.7,-4.2033e+05,4.7626e+06,0.80421
9915.6,-4.2029e+05,4.7627e+06,0.80808
9925.4,-4.2024e+05,4.7627e+06,0.81254
9935.3,-4.202e+05,4.7628e+06,0.82833
9945.1,-4.2015e+05,4.7628e+06,0.81119
9955,-4.2011e+05,4.7629e+06,0.80588
9964.8,-4.2006e+05,4.7629e+06,0.80552
9974.7,-4.2002e+05,4.763e+06,0.82267
9984.5,-4.1997e+05,4.763e+06,0.82396
9994.4,-4.1993e+05,4.7631e+06,0.81021
10004,-4.1989e+05,4.7631e+06,0.82394
10014,-4.1984e+05,4.7632e+06,0.81284
10024,-4.198e+05,4.7632e+06,0.8226
10034,-4.1975e+05,4.7633e+06,0.80611
10044,-4.1971e+05,4.7633e+06,0.83349
10053,-4.1966e+05,4.7634e+06,0.81786
10063,-4.1962e+05,4.7634e+06,0.81119
10073,-4.1957e+05,4.7635e+06,0.81341
10083,-4.1953e+05,4.7635e+06,0.80114
10093,-4.1948e+05,4.7636e+06,0.79765
10103,-4.1944e+05,4.7636e+06,0.79472
10113,-4.1939e+05,4.7636e+06,0.78018
10122,-4.1935e+05,4.7637e+06,0.81097
10132,-4.1931e+05,4.7637e+06,0.82803
10142,-4.1927e+05,4.7638e+06,0.79923
10152,-4.1923e+05,4.7638e+06,0.80731
10162,-4.192e+05,4.7639e+06,0.7986
10172,-4.1916e+05,4.7639e+06,0.8026
10181,-4.1912e+05,4.7639e+06,0.81213
10191,-4.1909e+05,4.764e+06,0.81231
10201,-4.1905e+05,4.764e+06,0.81974
10211,-4.1901e+05,4.7641e+06,0.78908
10221,-4.1897e+05,4.7641e+06,0.80969
10231,-4.1894e+05,4.7641e+06,0.81619
10241,-4.189e+05,4.7642e+06,0.7991
10250,-4.1886e+05,4.7642e+06,0.81297
10260,-4.1882e+05,4.7643e+06,0.79586
10270,-4.1878e+05,4.7643e+06,0.81117
10280,-4.1873e+05,4.7644e+06,0.79552
10290,-4.1868e+05,4.7644e+06,0.79106
10300,-4.1863e+05,4.7645e+06,0.80577
10309,-4.1858e+05,4.7645e+06,0.81946
10319,-4.1853e+05,4.7646e+06,0.80302
10329,-4.1848e+05,4.7646e+06,0.81951
10339,-4.1843e+05,4.7647e+06,0.82166
10349,-4.1838e+05,4.7648e+06,0.79854
10359,-4.1833e+05,4.7648e+06,0.80248
10369,-4.1829e+05,4.7649e+06,0.82093
10378,-4.1825e+05,4.7649e+06,0.79287
10388,-4.1822e+05,4.7649e+06,0.80309
10398,-4.1818e+05,4.765e+06,0.79884
10408,-4.1815e+05,4.765e+06,0.79798
10418,-4.1811e+05,4.765e+06,0.78197
10428,-4.1808e+05,4.7651e+06,0.79665
10437,-4.1805e+05,4.7651e+06,0.7968
10447,-4.1801e+05,4.7652e+06,0.79156
10457,-4.1798e+05,4.7652e+06,0.80586
10467,-4.1794e+05,4.7652e+06,0.77353
10477,-4.1791e+05,4.7653e+06,0.78856
10487,-4.1787e+05,4.7653e+06,0.80014
10497,-4.1784e+05,4.7653e+06,0.80807
10506,-4.178e+05,4.7654e+06,0.79436
10516,-4.1777e+05,4.7654e+06,0.79908
10526,-4.1772e+05,4.7655e+06,0.79359
10536,-4.1763e+05,4.7656e+06,0.79297
10546,-4.1753e+05,4.7657e+06,0.79588
10556,-4.1748e+05,4.7657e+06,0.77699
10565,-4.1744e+05,4.7658e+06,0.78559
10575,-4.174e+05,4.7658e+06,0.78864
10585,-4.1736e+05,4.7659e+06,0.77977
10595,-4.1731e+05,4.7659e+06,0.79719
10605,-4.1727e+05,4.766e+06,0.78867
10615,-4.1723e+05,4.766e+06,0.77598
10625,-4.1719e+05,4.7661e+06,0.77522
10634,-4.1714e+05,4.7661e+06,0.77247
10644,-4.171e+05,4.7662e+06,0.77642
10654,-4.1706e+05,4.7662e+06,0.78033
10664,-4.1702e+05,4.7663e+06,0.78319
10674,-4.1698e+05,4.7663e+06,0.78082
10684,-4.1694e+05,4.7663e+06,0.77496
10693,-4.169e+05,4.7664e+06,0.79735
10703,-4.1686e+05,4.7664e+06,0.78504
10713,-4.1682e+05,4.7665e+06,0.79463
10723,-4.1678e+05,4.7665e+06,0.77668
10733,-4.1674e+05,4.7666e+06,0.7739
10743,-4.167e+05,4.7666e+06,0.78128
10753,-4.1666e+05,4.7667e+06,0.77753
10762,-4.1662e+05,4.7667e+06,0.78329
10772,-4.1658e+05,4.7667e+06,0.79445
10782,-4.1654e+05,4.7668e+06,0.77695
10792,-4.165e+05,4.7668e+06,0.78722
10802,-4.1646e+05,4.7669e+06,0.7706
10812,-4.1642e+05,4.7669e+06,0.7668
10821,-4.1638e+05,4.767e+06,0.78342
10831,-4.1634e+05,4.767e+06,0.76328
10841,-4.1631e+05,4.767e+06,0.78223
10851,-4.1627e+05,4.7671e+06,0.78045
10861,-4.1623e+05,4.7671e+06,0.76451
10871,-4.1619e+05,4.7672e+06,0.79059
10881,-4.1615e+05,4.7672e+06,0.77902
10890,-4.1611e+05,4.7673e+06,0.76371
10900,-4.1608e+05,4.7673e+06,0.75477
10910,-4.1604e+05,4.7673e+06,0.7692
10920,-4.16e+05,4.7674e+06,0.77118
10930,-4.1596e+05,4.7674e+06,0.7739
10940,-4.1592e+05,4.7675e+06,0.77566
10949,-4.1588e+05,4.7675e+06,0.78962
10959,-4.1584e+05,4.7676e+06,0.76429
10969,-4.1579e+05,4.7676e+06,0.77399
10979,-4.1575e+05,4.7677e+06,0.77103
10989,-4.1571e+05,4.7677e+06,0.77163
10999,-4.1567e+05,4.7677e+06,0.75687
11009,-4.1563e+05,4.7678e+06,0.77973
11018,-4.1558e+05,4.7678e+06,0.75819
11028,-4.1554e+05,4.7679e+06,0.75712
11038,-4.155e+05,4.7679e+06,0.75144
11048,-4.1546e+05,4.768e+06,0.78199
11058,-4.1542e+05,4.768e+06,0.77314
11068,-4.1538e+05,4.7681e+06,0.76641
11078,-4.1533e+05,4.7681e+06,0.76741
11087,-4.1529e+05,4.7682e+06,0.77147
11097,-4.1525e+05,4.7682e+06,0.75622
11107,-4.1521e+05,4.7682e+06,0.75945
11117,-4.1517e+05,4.7683e+06,0.7608
11127,-4.1512e+05,4.7683e+06,0.77532
11137,-4.1508e+05,4.7684e+06,0.76041
11146,-4.1504e+05,4.7684e+06,0.76168
11156,-4.15e+05,4.7685e+06,0.77072
11166,-4.1496e+05,4.7685e+06,0.7591
11176,-4.1492e+05,4.7686e+06,0.77132
11186,-4.1488e+05,4.7686e+06,0.76563
11196,-4.1484e+05,4.7687e+06,0.76539
11206,-4.148e+05,4.7687e+06,0.75612
11215,-4.1476e+05,4.7687e+06,0.77638
11225,-4.1472e+05,4.7688e+06,0.7684
11235,-4.1468e+05,4.7688e+06,0.75662
11245,-4.1464e+05,4.7689e+06,0.77529
11255,-4.146e+05,4.7689e+06,0.74374
11265,-4.1456e+05,4.769e+06,0.74747
11274,-4.1452e+05,4.769e+06,0.74352
11284,-4.1448e+05,4.769e+06,0.73625
11294,-4.1444e+05,4.7691e+06,0.76666
11304,-4.144e+05,4.7691e+06,0.75197
11314,-4.1435e+05,4.7692e+06,0.7433
11324,-4.1431e+05,4.7692e+06,0.75506
11334,-4.1427e+05,4.7693e+06,0.74778
11343,-4.1422e+05,4.7693e+06,0.7629
11353,-4.1418e+05,4.7694e+06,0.76345
11363,-4.1414e+05,4.7694e+06,0.76581
11373,-4.1409e+05,4.7695e+06,0.77573
11383,-4.1405e+05,4.7695e+06,0.76887
11393,-4.1401e+05,4.7695e+06,0.76083
11402,-4.1396e+05,4.7696e+06,0.75196
11412,-4.1392e+05,4.7696e+06,0.73776
11422,-4.1388e+05,4.7697e+06,0.74688
11432,-4.1384e+05,4.7697e+06,0.73545
11442,-4.138e+05,4.7698e+06,0.74847
11452,-4.1376e+05,4.7698e+06,0.75043
11462,-4.1372e+05,4.7698e+06,0.75718
11471,-4.1369e+05,4.7699e+06,0.75255
11481,-4.1365e+05,4.7699e+06,0.73935
11491,-4.1361e+05,4.77e+06,0.75623
11501,-4.1357e+05,4.77e+06,0.72867
11511,-4.1353e+05,4.7701e+06,0.74198
11521,-4.1349e+05,4.7701e+06,0.75383
11530,-4.1345e+05,4.7701e+06,0.75612
11540,-4.1342e+05,4.7702e+06,0.73078
11550,-4.1338e+05,4.7702e+06,0.74225
11560,-4.1334e+05,4.7703e+06,0.73509
11570,-4.133e+05,4.7703e+06,0.75395
11580,-4.1326e+05,4.7703e+06,0.76116
11590,-4.1322e+05,4.7704e+06,0.73765
11599,-4.1318e+05,4.7704e+06,0.73456
11609,-4.1315e+05,4.7705e+06,0.73669
11619,-4.1311e+05,4.7705e+06,0.75941
11629,-4.1307e+05,4.7706e+06,0.73717
11639,-4.1303e+05,4.7706e+06,0.74145
11649,-4.1299e+05,4.7706e+06,0.72755
11658,-4.1295e+05,4.7707e+06,0.74903
11668,-4.1291e+05,4.7707e+06,0.75329
11678,-4.1288e+05,4.7708e+06,0.74182
11688,-4.1284e+05,4.7708e+06,0.72218
11698,-4.128e+05,4.7708e+06,0.72639
11708,-4.1276e+05,4.7709e+06,0.73164
11718,-4.1272e+05,4.7709e+06,0.74147
11727,-4.1268e+05,4.771e+06,0.72541
11737,-4.1264e+05,4.771e+06,0.73158
11747,-4.1261e+05,4.7711e+06,0.72958
11757,-4.1257e+05,4.7711e+06,0.73568
11767,-4.1253e+05,4.7711e+06,0.72603
11777,-4.1249e+05,4.7712e+06,0.75034
11786,-4.1245e+05,4.7712e+06,0.7281
11796,-4.1241e+05,4.7713e+06,0.74052
11806,-4.1237e+05,4.7713e+06,0.74327
11816,-4.1233e+05,4.7714e+06,0.73641
11826,-4.1229e+05,4.7714e+06,0.75661
11836,-4.1224e+05,4.7715e+06,0.72643
11846,-4.1219e+05,4.7715e+06,0.72808
11855,-4.1215e+05,4.7715e+06,0.73847
11865,-4.121e+05,4.7716e+06,0.75342
11875,-4.1205e+05,4.7716e+06,0.73522
11885,-4.1201e+05,4.7717e+06,0.70611
11895,-4.1196e+05,4.7717e+06,0.74182
11905,-4.1192e+05,4.7718e+06,0.73088
11914,-4.1187e+05,4.7718e+06,0.73839
11924,-4.1182e+05,4.7719e+06,0.74178
11934,-4.1178e+05,4.7719e+06,0.71606
11944,-4.1173e+05,4.772e+06,0.72507
11954,-4.1168e+05,4.772e+06,0.72889
11964,-4.1164e+05,4.7721e+06,0.72372
11974,-4.1159e+05,4.7721e+06,0.7337
11983,-4.1155e+05,4.7722e+06,0.73695
11993,-4.115e+05,4.7722e+06,0.73204
12003,-4.1145e+05,4.7723e+06,0.72738
12013,-4.1141e+05,4.7723e+06,0.71783
12023,-4.1136e+05,4.7724e+06,0.71712
12033,-4.1131e+05,4.7724e+06,0.71871
12042,-4.1126e+05,4.7725e+06,0.73244
12052,-4.112e+05,4.7725e+06,0.72998
12062,-4.1113e+05,4.7725e+06,0.72591
12072,-4.1107e+05,4.7726e+06,0.71033
12082,-4.1101e+05,4.7726e+06,0.72259
12092,-4.1095e+05,4.7726e+06,0.72833
12102,-4.1088e+05,4.7726e+06,0.71201
12111,-4.1082e+05,4.7727e+06,0.73635
12121,-4.1076e+05,4.7727e+06,0.72463
12131,-4.107e+05,4.7727e+06,0.70675
12141,-4.1064e+05,4.7728e+06,0.72406
12151,-4.1057e+05,4.7728e+06,0.70593
12161,-4.1051e+05,4.7728e+06,0.71959
12170,-4.1045e+05,4.7728e+06,0.73077
12180,-4.1039e+05,4.7729e+06,0.71429
12190,-4.1032e+05,4.7729e+06,0.7087
12200,-4.1026e+05,4.7729e+06,0.71006
12210,-4.102e+05,4.773e+06,0.72261
12220,-4.1014e+05,4.773e+06,0.70543
12230,-4.1007e+05,4.773e+06,0.75127
12239,-4.1001e+05,4.773e+06,0.71241
12249,-4.0995e+05,4.7731e+06,0.72013
12259,-4.0989e+05,4.7731e+06,0.70573
12269,-4.0983e+05,4.7731e+06,0.72343
12279,-4.0976e+05,4.7732e+06,0.71097
12289,-4.097e+05,4.7732e+06,0.73115
12298,-4.0964e+05,4.7732e+06,0.71751
12308,-4.0958e+05,4.7732e+06,0.7179
12318,-4.0951e+05,4.7733e+06,0.72832
12328,-4.0945e+05,4.7733e+06,0.71658
12338,-4.0939e+05,4.7733e+06,0.72536
12348,-4.0933e+05,4.7734e+06,0.70456
12358,-4.0927e+05,4.7734e+06,0.71804
12367,-4.092e+05,4.7734e+06,0.72655
12377,-4.0914e+05,4.7734e+06,0.71965
12387,-4.0908e+05,4.7735e+06,0.71821
12397,-4.0902e+05,4.7735e+06,0.71913
12407,-4.0895e+05,4.7735e+06,0.74054
12417,-4.0889e+05,4.7735e+06,0.70507
12426,-4.0882e+05,4.7736e+06,0.7226
12436,-4.0876e+05,4.7736e+06,0.7124
12446,-4.0869e+05,4.7736e+06,0.71872
12456,-4.0862e+05,4.7737e+06,0.70502
12466,-4.0856e+05,4.7737e+06,0.71606
12476,-4.0849e+05,4.7737e+06,0.71884
12486,-4.0843e+05,4.7737e+06,0.70557
12495,-4.0836e+05,4.7738e+06,0.71161
12505,-4.083e+05,4.7738e+06,0.73088
12515,-4.0823e+05,4.7738e+06,0.72902
12525,-4.0816e+05,4.7738e+06,0.70672
12535,-4.081e+05,4.7739e+06,0.71158
12545,-4.0803e+05,4.7739e+06,0.72407
12554,-4.0797e+05,4.7739e+06,0.71101
12564,-4.079e+05,4.7739e+06,0.69668
12574,-4.0784e+05,4.774e+06,0.71556
12584,-4.0777e+05,4.774e+06,0.71491
12594,-4.077e+05,4.774e+06,0.71784
12604,-4.0764e+05,4.7741e+06,0.70125
12614,-4.0757e+05,4.7741e+06,0.70567
12623,-4.0751e+05,4.7741e+06,0.71022
12633,-4.0744e+05,4.7741e+06,0.7146
12643,-4.0738e+05,4.7742e+06,0.69551
12653,-4.0731e+05,4.7742e+06,0.71845
12663,-4.0724e+05,4.7742e+06,0.71174
12673,-4.0718e+05,4.7742e+06,0.72447
12683,-4.0711e+05,4.7743e+06,0.74651
12692,-4.0705e+05,4.7743e+06,0.70832
12702,-4.0698e+05,4.7743e+06,0.70118
12712,-4.0692e+05,4.7744e+06,0.69896
12722,-4.0685e+05,4.7744e+06,0.70502
12732,-4.0678e+05,4.7744e+06,0.72425
12742,-4.0672e+05,4.7744e+06,0.69821
12751,-4.0665e+05,4.7745e+06,0.73564
12761,-4.0659e+05,4.7745e+06,0.69771
12771,-4.0652e+05,4.7745e+06,0.71134
12781,-4.0647e+05,4.7745e+06,0.69049
12791,-4.0641e+05,4.7746e+06,0.69383
12801,-4.0635e+05,4.7746e+06,0.70933
12811,-4.0629e+05,4.7746e+06,0.69848
12820,-4.0623e+05,4.7746e+06,0.72161
12830,-4.0617e+05,4.7747e+06,0.70026
12840,-4.0612e+05,4.7747e+06,0.71554
12850,-4.0606e+05,4.7747e+06,0.70004
12860,-4.06e+05,4.7747e+06,0.66944
12870,-4.0594e+05,4.7747e+06,0.7169
12879,-4.0588e+05,4.7748e+06,0.70969
12889,-4.0583e+05,4.7748e+06,0.7038
12899,-4.0577e+05,4.7748e+06,0.70271
12909,-4.0571e+05,4.7748e+06,0.71548
12919,-4.0563e+05,4.7749e+06,0.68928
12929,-4.0555e+05,4.7749e+06,0.70246
12939,-4.0547e+05,4.7749e+06,0.71426
12948,-4.054e+05,4.775e+06,0.69563
12958,-4.0532e+05,4.775e+06,0.70545
12968,-4.0524e+05,4.775e+06,0.70098
12978,-4.0517e+05,4.7751e+06,0.70853
12988,-4.0509e+05,4.7751e+06,0.68936
12998,-4.0501e+05,4.7751e+06,0.71131
13007,-4.0493e+05,4.7752e+06,0.6861
13017,-4.0487e+05,4.7752e+06,0.71061
13027,-4.0482e+05,4.7752e+06,0.70296
13037,-4.0476e+05,4.7752e+06,0.70463
13047,-4.0471e+05,4.7753e+06,0.68658
13057,-4.0465e+05,4.7753e+06,0.70488
13067,-4.046e+05,4.7753e+06,0.70112
13076,-4.0454e+05,4.7753e+06,0.69914
13086,-4.0449e+05,4.7753e+06,0.68767
13096,-4.0444e+05,4.7754e+06,0.71728
13106,-4.0438e+05,4.7754e+06,0.7117
13116,-4.0433e+05,4.7754e+06,0.71044
13126,-4.0427e+05,4.7754e+06,0.70968
13135,-4.0422e+05,4.7755e+06,0.68225
13145,-4.0416e+05,4.7755e+06,0.69033
13155,-4.0411e+05,4.7755e+06,0.71064
13165,-4.0405e+05,4.7755e+06,0.71995
13175,-4.0397e+05,4.7756e+06,0.70275
13185,-4.039e+05,4.7756e+06,0.69859
13195,-4.0383e+05,4.7756e+06,0.70643
13204,-4.0376e+05,4.7756e+06,0.6917
13214,-4.0369e+05,4.7757e+06,0.69466
13224,-4.0362e+05,4.7757e+06,0.68484
13234,-4.0355e+05,4.7757e+06,0.69928
13244,-4.0348e+05,4.7758e+06,0.69472
13254,-4.034e+05,4.7758e+06,0.70894
13263,-4.0333e+05,4.7758e+06,0.71074
13273,-4.0326e+05,4.7758e+06,0.68969
13283,-4.032e+05,4.7759e+06,0.68768
13293,-4.0314e+05,4.7759e+06,0.69713
13303,-4.0308e+05,4.7759e+06,0.69818
13313,-4.0301e+05,4.7759e+06,0.6868
13323,-4.0295e+05,4.776e+06,0.68917
13332,-4.0289e+05,4.776e+06,0.69669
13342,-4.0283e+05,4.776e+06,0.69406
13352,-4.0276e+05,4.7761e+06,0.69723
13362,-4.027e+05,4.7761e+06,0.67211
13372,-4.0264e+05,4.7761e+06,0.69405
13382,-4.0258e+05,4.7761e+06,0.68955
13391,-4.0251e+05,4.7762e+06,0.69
13401,-4.0245e+05,4.7762e+06,0.69362
13411,-4.0238e+05,4.7762e+06,0.69226
13421,-4.0231e+05,4.7762e+06,0.69706
13431,-4.0224e+05,4.7763e+06,0.69907
13441,-4.0217e+05,4.7763e+06,0.68954
13451,-4.021e+05,4.7763e+06,0.68893
13460,-4.0203e+05,4.7764e+06,0.67701
13470,-4.0196e+05,4.7764e+06,0.69504
13480,-4.019e+05,4.7764e+06,0.68048
13490,-4.0183e+05,4.7764e+06,0.68533
13500,-4.0176e+05,4.7765e+06,0.6897
13510,-4.0169e+05,4.7765e+06,0.68006
13519,-4.0162e+05,4.7765e+06,0.70197
13529,-4.0155e+05,4.7765e+06,0.69232
13539,-4.015e+05,4.7766e+06,0.69701
13549,-4.0144e+05,4.7766e+06,0.69187
13559,-4.0139e+05,4.7766e+06,0.69373
13569,-4.0134e+05,4.7766e+06,0.68693
13579,-4.0129e+05,4.7767e+06,0.68544
13588,-4.0124e+05,4.7767e+06,0.70523
13598,-4.0118e+05,4.7767e+06,0.70164
13608,-4.0113e+05,4.7767e+06,0.6939
13618,-4.0108e+05,4.7767e+06,0.68742
13628,-4.0103e+05,4.7768e+06,0.68063
13638,-4.0098e+05,4.7768e+06,0.67243
13647,-4.0092e+05,4.7768e+06,0.7007
13657,-4.0087e+05,4.7768e+06,0.68678
13667,-4.0082e+05,4.7768e+06,0.69625
13677,-4.0077e+05,4.7769e+06,0.70243
13687,-4.0072e+05,4.7769e+06,0.67286
13697,-4.0066e+05,4.7769e+06,0.67946
13707,-4.0059e+05,4.7769e+06,0.6841
13716,-4.0053e+05,4.777e+06,0.67979
13726,-4.0046e+05,4.777e+06,0.67453
13736,-4.004e+05,4.777e+06,0.6871
13746,-4.0033e+05,4.777e+06,0.68119
13756,-4.0027e+05,4.7771e+06,0.67963
13766,-4.002e+05,4.7771e+06,0.68595
13775,-4.0014e+05,4.7771e+06,0.68835
13785,-4.0007e+05,4.7771e+06,0.67635
13795,-4.0001e+05,4.7772e+06,0.68365
13805,-3.9994e+05,4.7772e+06,0.67595
13815,-3.9988e+05,4.7772e+06,0.68227
13825,-3.9981e+05,4.7772e+06,0.68873
13835,-3.9975e+05,4.7773e+06,0.68303
13844,-3.9968e+05,4.7773e+06,0.67883
13854,-3.9962e+05,4.7773e+06,0.66655
13864,-3.9955e+05,4.7773e+06,0.68432
13874,-3.9949e+05,4.7774e+06,0.679
13884,-3.9942e+05,4.7774e+06,0.68521
13894,-3.9936e+05,4.7774e+06,0.69258
13903,-3.9929e+05,4.7775e+06,0.68552
13913,-3.9923e+05,4.7775e+06,0.6724
13923,-3.9916e+05,4.7775e+06,0.6731
13933,-3.991e+05,4.7775e+06,0.6843
13943,-3.9903e+05,4.7776e+06,0.6742
13953,-3.9897e+05,4.7776e+06,0.68225
13963,-3.989e+05,4.7776e+06,0.67183
13972,-3.9884e+05,4.7776e+06,0.68607
13982,-3.9877e+05,4.7777e+06,0.67624
13992,-3.9871e+05,4.7777e+06,0.67603
14002,-3.9864e+05,4.7777e+06,0.65937
14012,-3.9858e+05,4.7777e+06,0.67616
14022,-3.9851e+05,4.7778e+06,0.68143
14032,-3.9845e+05,4.7778e+06,0.67903
14041,-3.9838e+05,4.7778e+06,0.68225
14051,-3.9832e+05,4.7778e+06,0.70041
14061,-3.9825e+05,4.7779e+06,0.66146
14071,-3.9817e+05,4.7779e+06,0.67296
14081,-3.9805e+05,4.7779e+06,0.69762
14091,-3.9794e+05,4.778e+06,0.68623
14100,-3.9783e+05,4.778e+06,0.68937
14110,-3.9771e+05,4.7781e+06,0.68264
14120,-3.976e+05,4.7781e+06,0.68643
14130,-3.9748e+05,4.7782e+06,0.67544
14140,-3.9737e+05,4.7782e+06,0.68816
14150,-3.973e+05,4.7782e+06,0.66163
14160,-3.9724e+05,4.7783e+06,0.68229
14169,-3.9718e+05,4.7783e+06,0.68898
14179,-3.9711e+05,4.7783e+06,0.68334
14189,-3.9705e+05,4.7783e+06,0.68007
14199,-3.9698e+05,4.7784e+06,0.68616
14209,-3.9692e+05,4.7784e+06,0.6766
14219,-3.9685e+05,4.7784e+06,0.67354
14228,-3.9679e+05,4.7785e+06,0.68775
14238,-3.9672e+05,4.7785e+06,0.65437
14248,-3.9666e+05,4.7785e+06,0.67295
14258,-3.966e+05,4.7785e+06,0.68692
14268,-3.9653e+05,4.7786e+06,0.6702
14278,-3.9647e+05,4.7786e+06,0.67681
14288,-3.9641e+05,4.7786e+06,0.68608
14297,-3.9635e+05,4.7786e+06,0.68483
14307,-3.963e+05,4.7786e+06,0.67406
14317,-3.9624e+05,4.7787e+06,0.64783
14327,-3.9618e+05,4.7787e+06,0.67755
14337,-3.9612e+05,4.7787e+06,0.67445
14347,-3.9606e+05,4.7787e+06,0.65882
14356,-3.96e+05,4.7788e+06,0.68288
14366,-3.9595e+05,4.7788e+06,0.66607
14376,-3.9589e+05,4.7788e+06,0.68744
14386,-3.9583e+05,4.7788e+06,0.66532
14396,-3.9577e+05,4.7789e+06,0.68216
14406,-3.9571e+05,4.7789e+06,0.66181
14416,-3.9564e+05,4.7789e+06,0.68502
14425,-3.9556e+05,4.7789e+06,0.67049
14435,-3.9548e+05,4.779e+06,0.67241
14445,-3.954e+05,4.779e+06,0.65299
14455,-3.9532e+05,4.779e+06,0.67598
14465,-3.9525e+05,4.7791e+06,0.67674
14475,-3.9517e+05,4.7791e+06,0.67203
14484,-3.9509e+05,4.7791e+06,0.67366
14494,-3.9501e+05,4.7792e+06,0.68189
14504,-3.9493e+05,4.7792e+06,0.68275
14514,-3.9486e+05,4.7792e+06,0.67274
14524,-3.9479e+05,4.7793e+06,0.69142
14534,-3.9473e+05,4.7793e+06,0.66266
14544,-3.9466e+05,4.7793e+06,0.66906
14553,-3.946e+05,4.7793e+06,0.68417
14563,-3.9453e+05,4.7794e+06,0.67324
14573,-3.9447e+05,4.7794e+06,0.67293
14583,-3.944e+05,4.7794e+06,0.66553
14593,-3.9434e+05,4.7794e+06,0.6559
14603,-3.9427e+05,4.7795e+06,0.68409
14612,-3.9421e+05,4.7795e+06,0.652
14622,-3.9414e+05,4.7795e+06,0.67561
14632,-3.9408e+05,4.7795e+06,0.68004
14642,-3.9401e+05,4.7796e+06,0.66833
14652,-3.9394e+05,4.7796e+06,0.64774
14662,-3.9388e+05,4.7796e+06,0.65893
14672,-3.9381e+05,4.7797e+06,0.67419
14681,-3.9375e+05,4.7797e+06,0.6587
14691,-3.9368e+05,4.7797e+06,0.67914
14701,-3.9361e+05,4.7797e+06,0.67508
14711,-3.9355e+05,4.7798e+06,0.66276
14721,-3.9348e+05,4.7798e+06,0.6576
14731,-3.9341e+05,4.7798e+06,0.66837
14740,-3.9335e+05,4.7798e+06,0.66604
14750,-3.9328e+05,4.7799e+06,0.66603
14760,-3.9321e+05,4.7799e+06,0.67749
14770,-3.9315e+05,4.7799e+06,0.67024
14780,-3.9308e+05,4.7799e+06,0.68139
14790,-3.9302e+05,4.78e+06,0.65042
14800,-3.9295e+05,4.78e+06,0.65367
14809,-3.9288e+05,4.78e+06,0.67537
14819,-3.9282e+05,4.78e+06,0.6495
14829,-3.9275e+05,4.7801e+06,0.65554
14839,-3.9268e+05,4.7801e+06,0.65447
14849,-3.9262e+05,4.7801e+06,0.6661
14859,-3.9255e+05,4.7801e+06,0.66219
14868,-3.9249e+05,4.7802e+06,0.67433
14878,-3.9242e+05,4.7802e+06,0.67241
14888,-3.9235e+05,4.7802e+06,0.66901
14898,-3.9229e+05,4.7803e+06,0.6531
14908,-3.9222e+05,4.7803e+06,0.65514
14918,-3.9215e+05,4.7803e+06,0.65869
14928,-3.9209e+05,4.7803e+06,0.6512
14937,-3.9202e+05,4.7804e+06,0.64748
14947,-3.9196e+05,4.7804e+06,0.65081
14957,-3.9189e+05,4.7804e+06,0.65255
14967,-3.9182e+05,4.7804e+06,0.66642
14977,-3.9176e+05,4.7805e+06,0.66437
14987,-3.9169e+05,4.7805e+06,0.65471
14996,-3.9162e+05,4.7805e+06,0.65025
15006,-3.9156e+05,4.7805e+06,0.65951
15016,-3.9149e+05,4.7806e+06,0.65784
15026,-3.9143e+05,4.7806e+06,0.65056
15036,-3.9136e+05,4.7806e+06,0.65537
15046,-3.9129e+05,4.7806e+06,0.66849
15056,-3.9123e+05,4.7807e+06,0.65407
15065,-3.9116e+05,4.7807e+06,0.67492
15075,-3.9109e+05,4.7807e+06,0.66821
15085,-3.9103e+05,4.7807e+06,0.66539
15095,-3.9096e+05,4.7808e+06,0.66064
15105,-3.909e+05,4.7808e+06,0.64282
15115,-3.9083e+05,4.7808e+06,0.649
15124,-3.9076e+05,4.7808e+06,0.65786
15134,-3.907e+05,4.7809e+06,0.66697
15144,-3.9064e+05,4.7809e+06,0.66314
15154,-3.9057e+05,4.7809e+06,0.66251
15164,-3.9051e+05,4.7809e+06,0.65073
15174,-3.9045e+05,4.781e+06,0.64616
15184,-3.9039e+05,4.781e+06,0.65895
15193,-3.9033e+05,4.781e+06,0.64966
15203,-3.9027e+05,4.781e+06,0.64807
15213,-3.902e+05,4.7811e+06,0.64986
15223,-3.9014e+05,4.7811e+06,0.66718
15233,-3.9008e+05,4.7811e+06,0.6638
15243,-3.9002e+05,4.7811e+06,0.65569
15252,-3.8996e+05,4.7812e+06,0.65478
15262,-3.899e+05,4.7812e+06,0.66053
15272,-3.8983e+05,4.7812e+06,0.65669
15282,-3.8977e+05,4.7812e+06,0.64522
15292,-3.897e+05,4.7813e+06,0.6456
15302,-3.8964e+05,4.7813e+06,0.651
15312,-3.8957e+05,4.7813e+06,0.66864
15321,-3.8951e+05,4.7813e+06,0.65326
15331,-3.8945e+05,4.7814e+06,0.65801
15341,-3.8938e+05,4.7814e+06,0.65014
15351,-3.8932e+05,4.7814e+06,0.66251
15361,-3.8925e+05,4.7814e+06,0.65622
15371,-3.8919e+05,4.7815e+06,0.65502
15380,-3.8913e+05,4.7815e+06,0.63918
15390,-3.8906e+05,4.7815e+06,0.65773
15400,-3.89e+05,4.7815e+06,0.64609
15410,-3.8893e+05,4.7816e+06,0.66452
15420,-3.8887e+05,4.7816e+06,0.65237
15430,-3.8881e+05,4.7816e+06,0.65185
15440,-3.8874e+05,4.7816e+06,0.64458
15449,-3.8868e+05,4.7817e+06,0.6572
15459,-3.8861e+05,4.7817e+06,0.64277
15469,-3.8855e+05,4.7817e+06,0.66542
15479,-3.8848e+05,4.7817e+06,0.66512
15489,-3.8842e+05,4.7818e+06,0.67058
15499,-3.8836e+05,4.7818e+06,0.63948
15508,-3.8829e+05,4.7818e+06,0.64914
15518,-3.8823e+05,4.7818e+06,0.63659
15528,-3.8816e+05,4.7819e+06,0.65738
15538,-3.881e+05,4.7819e+06,0.64471
15548,-3.8804e+05,4.7819e+06,0.64443
15558,-3.8798e+05,4.7819e+06,0.64799
15568,-3.8791e+05,4.782e+06,0.65454
15577,-3.8785e+05,4.782e+06,0.64251
15587,-3.8779e+05,4.782e+06,0.63637
15597,-3.8773e+05,4.782e+06,0.66178
15607,-3.8766e+05,4.7821e+06,0.66944
15617,-3.876e+05,4.7821e+06,0.65772
15627,-3.8754e+05,4.7821e+06,0.64433
15637,-3.8747e+05,4.7821e+06,0.6418
15646,-3.8741e+05,4.7822e+06,0.6457
15656,-3.8735e+05,4.7822e+06,0.6302
15666,-3.8729e+05,4.7822e+06,0.65174
15676,-3.8723e+05,4.7822e+06,0.62933
15686,-3.8717e+05,4.7823e+06,0.64766
15696,-3.8711e+05,4.7823e+06,0.65561
15705,-3.8705e+05,4.7823e+06,0.64553
15715,-3.87e+05,4.7823e+06,0.65295
15725,-3.8694e+05,4.7823e+06,0.63998
15735,-3.8688e+05,4.7824e+06,0.65517
15745,-3.8682e+05,4.7824e+06,0.65386
15755,-3.8676e+05,4.7824e+06,0.66032
15765,-3.867e+05,4.7824e+06,0.63823
15774,-3.8664e+05,4.7825e+06,0.63634
15784,-3.8658e+05,4.7825e+06,0.64383
15794,-3.865e+05,4.7825e+06,0.64522
15804,-3.8641e+05,4.7826e+06,0.62272
15814,-3.8633e+05,4.7826e+06,0.63332
15824,-3.8624e+05,4.7826e+06,0.65651
15833,-3.8615e+05,4.7827e+06,0.64241
15843,-3.8606e+05,4.7827e+06,0.64562
15853,-3.8598e+05,4.7827e+06,0.64665
15863,-3.8589e+05,4.7828e+06,0.64453
15873,-3.858e+05,4.7828e+06,0.66508
15883,-3.8573e+05,4.7828e+06,0.63916
15893,-3.8568e+05,4.7828e+06,0.65439
15902,-3.8563e+05,4.7829e+06,0.62914
15912,-3.8558e+05,4.7829e+06,0.65636
15922,-3.8553e+05,4.7829e+06,0.62644
15932,-3.8548e+05,4.7829e+06,0.63494
15942,-3.8543e+05,4.7829e+06,0.65416
15952,-3.8538e+05,4.783e+06,0.63973
15961,-3.8533e+05,4.783e+06,0.65089
15971,-3.8528e+05,4.783e+06,0.63359
15981,-3.8523e+05,4.783e+06,0.6518
15991,-3.8518e+05,4.783e+06,0.64222
16001,-3.8513e+05,4.7831e+06,0.63686
16011,-3.8508e+05,4.7831e+06,0.64864
16021,-3.8503e+05,4.7831e+06,0.63472
16030,-3.8498e+05,4.7831e+06,0.64196
16040,-3.8493e+05,4.7831e+06,0.63358
16050,-3.8487e+05,4.7832e+06,0.64247
16060,-3.848e+05,4.7832e+06,0.64205
16070,-3.8473e+05,4.7832e+06,0.64391
16080,-3.8466e+05,4.7832e+06,0.63358
16089,-3.8459e+05,4.7833e+06,0.63134
16099,-3.8452e+05,4.7833e+06,0.64006
16109,-3.8446e+05,4.7833e+06,0.64054
16119,-3.8439e+05,4.7833e+06,0.63499
16129,-3.8432e+05,4.7834e+06,0.63773
16139,-3.8425e+05,4.7834e+06,0.64435
16149,-3.8418e+05,4.7834e+06,0.64224
16158,-3.8411e+05,4.7835e+06,0.64819
16168,-3.8404e+05,4.7835e+06,0.65099
16178,-3.8397e+05,4.7835e+06,0.63154
16188,-3.8391e+05,4.7835e+06,0.62087
16198,-3.8384e+05,4.7836e+06,0.62247
16208,-3.8377e+05,4.7836e+06,0.62976
16217,-3.8371e+05,4.7836e+06,0.64153
16227,-3.8364e+05,4.7836e+06,0.62457
16237,-3.8358e+05,4.7837e+06,0.6426
16247,-3.8351e+05,4.7837e+06,0.63066
16257,-3.8344e+05,4.7837e+06,0.64981
16267,-3.8338e+05,4.7837e+06,0.62696
16277,-3.8331e+05,4.7838e+06,0.64455
16286,-3.8324e+05,4.7838e+06,0.63105
16296,-3.8316e+05,4.7838e+06,0.64092
16306,-3.8308e+05,4.7839e+06,0.62985
16316,-3.8299e+05,4.7839e+06,0.64337
16326,-3.8291e+05,4.7839e+06,0.62971
16336,-3.8283e+05,4.7839e+06,0.64698
16345,-3.8275e+05,4.784e+06,0.65088
16355,-3.8267e+05,4.784e+06,0.61979
16365,-3.8259e+05,4.784e+06,0.64024
16375,-3.825e+05,4.7841e+06,0.64069
16385,-3.8242e+05,4.7841e+06,0.6325
16395,-3.8235e+05,4.7841e+06,0.62022
16405,-3.8229e+05,4.7842e+06,0.64453
16414,-3.8224e+05,4.7842e+06,0.61313
16424,-3.8218e+05,4.7842e+06,0.63301
16434,-3.8212e+05,4.7842e+06,0.65034
16444,-3.8207e+05,4.7842e+06,0.6377
16454,-3.8201e+05,4.7843e+06,0.63392
16464,-3.8195e+05,4.7843e+06,0.62868
16473,-3.8189e+05,4.7843e+06,0.62541
16483,-3.8184e+05,4.7843e+06,0.63532
16493,-3.8178e+05,4.7844e+06,0.64565
16503,-3.8172e+05,4.7844e+06,0.6596
16513,-3.8167e+05,4.7844e+06,0.6306
16523,-3.8161e+05,4.7844e+06,0.64043
16533,-3.8155e+05,4.7844e+06,0.63167
16542,-3.8148e+05,4.7845e+06,0.63784
16552,-3.8141e+05,4.7845e+06,0.64155
16562,-3.8134e+05,4.7845e+06,0.61822
16572,-3.8127e+05,4.7846e+06,0.63816
16582,-3.812e+05,4.7846e+06,0.62622
16592,-3.8113e+05,4.7846e+06,0.6365
16601,-3.8106e+05,4.7846e+06,0.63816
16611,-3.8099e+05,4.7847e+06,0.61576
16621,-3.8092e+05,4.7847e+06,0.62263
16631,-3.8085e+05,4.7847e+06,0.62259
16641,-3.8079e+05,4.7847e+06,0.63406
16651,-3.8072e+05,4.7848e+06,0.63296
16661,-3.8066e+05,4.7848e+06,0.63736
16670,-3.8059e+05,4.7848e+06,0.63658
16680,-3.8053e+05,4.7848e+06,0.64572
16690,-3.8047e+05,4.7849e+06,0.6302
16700,-3.8041e+05,4.7849e+06,0.63097
16710,-3.8035e+05,4.7849e+06,0.62888
16720,-3.8029e+05,4.7849e+06,0.6335
16729,-3.8023e+05,4.785e+06,0.61975
16739,-3.8017e+05,4.785e+06,0.62319
16749,-3.8011e+05,4.785e+06,0.63411
16759,-3.8005e+05,4.785e+06,0.62865
16769,-3.7999e+05,4.785e+06,0.61638
16779,-3.7993e+05,4.7851e+06,0.64287
16789,-3.7987e+05,4.7851e+06,0.62872
16798,-3.7981e+05,4.7851e+06,0.62382
16808,-3.7975e+05,4.7851e+06,0.62034
16818,-3.7968e+05,4.7852e+06,0.62968
16828,-3.7962e+05,4.7852e+06,0.6276
16838,-3.7956e+05,4.7852e+06,0.62867
16848,-3.795e+05,4.7852e+06,0.62862
16857,-3.7944e+05,4.7853e+06,0.62257
16867,-3.7938e+05,4.7853e+06,0.61837
16877,-3.7932e+05,4.7853e+06,0.62209
16887,-3.7926e+05,4.7853e+06,0.61422
16897,-3.792e+05,4.7853e+06,0.60987
16907,-3.7914e+05,4.7854e+06,0.62522
16917,-3.7908e+05,4.7854e+06,0.61677
16926,-3.7898e+05,4.7854e+06,0.64368
16936,-3.7889e+05,4.7855e+06,0.6029
16946,-3.7879e+05,4.7855e+06,0.64195
16956,-3.787e+05,4.7855e+06,0.63754
16966,-3.786e+05,4.7856e+06,0.62587
16976,-3.7851e+05,4.7856e+06,0.61754
16986,-3.7841e+05,4.7856e+06,0.6097
16995,-3.7832e+05,4.7857e+06,0.6333
17005,-3.7824e+05,4.7857e+06,0.62394
17015,-3.7818e+05,4.7857e+06,0.62236
17025,-3.7811e+05,4.7858e+06,0.64015
17035,-3.7805e+05,4.7858e+06,0.63885
17045,-3.7799e+05,4.7858e+06,0.63115
17054,-3.7792e+05,4.7858e+06,0.60465
17064,-3.7786e+05,4.7859e+06,0.63069
17074,-3.7779e+05,4.7859e+06,0.63406
17084,-3.7773e+05,4.7859e+06,0.61442
17094,-3.7766e+05,4.7859e+06,0.61281
17104,-3.776e+05,4.786e+06,0.62778
17114,-3.7753e+05,4.786e+06,0.60636
17123,-3.7747e+05,4.786e+06,0.626
17133,-3.774e+05,4.786e+06,0.61411
17143,-3.7734e+05,4.7861e+06,0.63284
17153,-3.7727e+05,4.7861e+06,0.61181
17163,-3.7721e+05,4.7861e+06,0.63328
17173,-3.7714e+05,4.7861e+06,0.61299
17182,-3.7708e+05,4.7862e+06,0.63259
17192,-3.7702e+05,4.7862e+06,0.61092
17202,-3.7697e+05,4.7862e+06,0.60691
17212,-3.7691e+05,4.7862e+06,0.62265
17222,-3.7685e+05,4.7862e+06,0.625
17232,-3.768e+05,4.7863e+06,0.63426
17242,-3.7674e+05,4.7863e+06,0.62803
17251,-3.7668e+05,4.7863e+06,0.61977
17261,-3.7662e+05,4.7863e+06,0.6149
17271,-3.7657e+05,4.7864e+06,0.62671
17281,-3.7651e+05,4.7864e+06,0.60436
17291,-3.7645e+05,4.7864e+06,0.61184
17301,-3.764e+05,4.7864e+06,0.62444
17310,-3.7634e+05,4.7864e+06,0.61938
17320,-3.7628e+05,4.7865e+06,0.63112
17330,-3.7622e+05,4.7865e+06,0.63412
17340,-3.7617e+05,4.7865e+06,0.62105
17350,-3.7611e+05,4.7865e+06,0.63914
17360,-3.7605e+05,4.7866e+06,0.609
17370,-3.7599e+05,4.7866e+06,0.60613
17379,-3.7593e+05,4.7866e+06,0.63679
17389,-3.7588e+05,4.7866e+06,0.60368
17399,-3.7582e+05,4.7866e+06,0.61021
17409,-3.7576e+05,4.7867e+06,0.61291
17419,-3.757e+05,4.7867e+06,0.62289
17429,-3.7565e+05,4.7867e+06,0.62125
17438,-3.7559e+05,4.7867e+06,0.63789
17448,-3.7553e+05,4.7868e+06,0.61401
17458,-3.7547e+05,4.7868e+06,0.6253
17468,-3.7539e+05,4.7868e+06,0.62204
17478,-3.753e+05,4.7868e+06,0.62196
17488,-3.7521e+05,4.7869e+06,0.62962
17498,-3.7512e+05,4.7869e+06,0.61665
17507,-3.7503e+05,4.7869e+06,0.62885
17517,-3.7495e+05,4.787e+06,0.62583
17527,-3.7486e+05,4.787e+06,0.60178
17537,-3.7477e+05,4.787e+06,0.62761
17547,-3.7468e+05,4.7871e+06,0.60884
17557,-3.7459e+05,4.7871e+06,0.61365
17566,-3.745e+05,4.7871e+06,0.63978
17576,-3.7444e+05,4.7872e+06,0.61163
17586,-3.7437e+05,4.7872e+06,0.61129
17596,-3.743e+05,4.7872e+06,0.62781
17606,-3.7424e+05,4.7873e+06,0.61424
17616,-3.7417e+05,4.7873e+06,0.6142
17626,-3.7411e+05,4.7873e+06,0.60799
17635,-3.7404e+05,4.7873e+06,0.62184
17645,-3.7398e+05,4.7874e+06,0.61827
17655,-3.7391e+05,4.7874e+06,0.60682
17665,-3.7385e+05,4.7874e+06,0.6118
17675,-3.7378e+05,4.7874e+06,0.60757
17685,-3.7372e+05,4.7875e+06,0.60697
17694,-3.7365e+05,4.7875e+06,0.61752
17704,-3.7359e+05,4.7875e+06,0.62195
17714,-3.7352e+05,4.7875e+06,0.63278
17724,-3.7345e+05,4.7876e+06,0.62485
