0,0,0,0.78517
2,17.236,20.686,0.79627
4,34.472,41.372,0.77275
6,51.707,62.056,0.77764
8,68.942,82.739,0.80272
10,86.176,103.42,0.78203
12,103.41,124.1,0.78571
14,120.64,144.77,0.77955
16,137.87,165.44,0.78597
18,155.1,186.1,0.78318
20,172.33,206.76,0.79311
22,189.55,227.42,0.79158
24,206.78,248.06,0.78604
26,224,268.7,0.79109
28,241.22,289.34,0.76621
30,258.43,309.96,0.77469
32,275.64,330.57,0.80104
34,292.85,351.18,0.79369
36,310.06,371.77,0.79253
38,327.26,392.36,0.79438
40,344.46,412.93,0.79141
42,361.66,433.49,0.79399
44,378.85,454.04,0.79042
46,396.04,474.58,0.77863
48,413.22,495.1,0.79959
50,430.4,515.61,0.7943
52,447.57,536.1,0.79628
54,464.74,556.58,0.79859
56,481.9,577.04,0.78098
58,499.06,597.49,0.78253
60,516.21,617.92,0.78121
62,533.36,638.33,0.76204
64,550.5,658.72,0.80051
66,567.63,679.09,0.78967
68,584.76,699.44,0.80078
70,601.88,719.78,0.78271
72,619,740.09,0.79866
74,636.1,760.38,0.78765
76,653.2,780.65,0.77258
78,670.3,800.9,0.7846
80,687.38,821.12,0.7923
82,704.46,841.32,0.79266
84,721.53,861.5,0.77851
86,738.59,881.65,0.80326
88,755.65,901.78,0.78408
90,772.69,921.88,0.7723
92,789.73,941.95,0.79367
94,806.76,962,0.7794
96,823.78,982.02,0.77167
98,840.79,1002,0.77731
100,857.79,1022,0.79433
102,874.78,1041.9,0.77151
104,891.76,1061.8,0.77964
106,908.73,1081.7,0.78218
108,925.69,1101.5,0.79129
110,942.64,1121.3,0.78882
112,959.58,1141.1,0.78104
114,976.51,1160.8,0.77065
116,993.43,1180.6,0.78263
118,1010.3,1200.2,0.77686
120,1027.2,1219.9,0.79079
122,1044.1,1239.5,0.78793
124,1061,1259,0.76842
126,1077.9,1278.6,0.78159
128,1094.7,1298.1,0.77574
130,1111.5,1317.5,0.77628
132,1128.4,1337,0.7685
134,1145.2,1356.3,0.76287
136,1162,1375.7,0.77915
138,1178.8,1395,0.77204
140,1195.5,1414.3,0.77308
142,1212.3,1433.5,0.79238
144,1229.1,1452.7,0.78543
146,1245.8,1471.8,0.7941
148,1262.5,1490.9,0.77856
150,1279.2,1510,0.79404
152,1295.9,1529,0.78469
154,1312.6,1547.9,0.77828
156,1329.2,1566.9,0.76729
158,1345.9,1585.7,0.78564
160,1362.5,1604.6,0.77498
162,1379.1,1623.4,0.76855
164,1395.8,1642.1,0.78662
166,1412.3,1660.8,0.77998
168,1428.9,1679.4,0.78904
170,1445.5,1698,0.77082
172,1462,1716.6,0.78325
174,1478.5,1735.1,0.78029
176,1495,1753.5,0.75941
178,1511.5,1771.9,0.78228
180,1528,1790.3,0.76864
182,1544.5,1808.6,0.78174
184,1560.9,1826.8,0.79092
186,1577.3,1845,0.77019
188,1593.7,1863.1,0.79017
190,1610.1,1881.2,0.78454
192,1626.5,1899.2,0.76044
194,1642.9,1917.2,0.77129
196,1659.2,1935.1,0.77069
198,1675.5,1953,0.76864
200,1691.8,1970.8,0.77687
202,1708.1,1988.5,0.78869
204,1724.4,2006.2,0.78672
206,1740.6,2023.9,0.77432
208,1756.8,2041.4,0.77198
210,1773,2058.9,0.78785
212,1789.2,2076.4,0.77584
214,1805.4,2093.8,0.77682
216,1821.5,2111.1,0.77542
218,1837.7,2128.4,0.77657
220,1853.8,2145.6,0.7588
222,1869.8,2162.8,0.78736
224,1885.9,2179.8,0.77463
226,1902,2196.9,0.76886
228,1918,2213.8,0.77113
230,1934,2230.7,0.79611
232,1950,2247.5,0.7725
234,1965.9,2264.3,0.77909
236,1981.9,2281,0.76169
238,1997.8,2297.6,0.77164
240,2013.7,2314.2,0.78277
242,2029.6,2330.7,0.77716
244,2045.4,2347.1,0.78129
246,2061.2,2363.5,0.77005
248,2077.1,2379.8,0.77228
250,2092.8,2396,0.77812
252,2108.6,2412.2,0.77736
254,2124.4,2428.3,0.76442
256,2140.1,2444.3,0.78493
258,2155.8,2460.2,0.80878
260,2171.4,2476.1,0.76966
262,2187.1,2491.9,0.78334
264,2202.7,2507.6,0.75376
266,2218.3,2523.3,0.7833
268,2233.9,2538.9,0.78724
270,2249.4,2554.4,0.77284
272,2265,2569.8,0.77874
274,2280.5,2585.2,0.77997
276,2296,2600.5,0.7905
278,2311.4,2615.7,0.78405
280,2326.9,2630.8,0.78625
282,2342.3,2645.9,0.77494
284,2357.6,2660.8,0.76637
286,2373,2675.8,0.77448
288,2388.3,2690.6,0.77076
290,2403.6,2705.3,0.78014
292,2418.9,2720,0.79675
294,2434.2,2734.6,0.77936
296,2449.4,2749.1,0.77838
298,2464.6,2763.5,0.77797
300,2479.8,2777.9,0.77151
302,2494.9,2792.1,0.75767
304,2510,2806.3,0.79233
306,2525.1,2820.4,0.7699
308,2540.2,2834.4,0.7785
310,2555.3,2848.4,0.7789
312,2570.3,2862.2,0.76381
314,2585.3,2876,0.78535
316,2600.2,2889.7,0.77552
318,2615.2,2903.3,0.76699
320,2630.1,2916.8,0.77886
322,2644.9,2930.2,0.76131
324,2659.8,2943.6,0.77813
326,2674.6,2956.8,0.77718
328,2689.4,2970,0.77159
330,2704.2,2983.1,0.76518
332,2718.9,2996.1,0.78039
334,2733.6,3009,0.78067
336,2748.3,3021.8,0.78305
338,2763,3034.6,0.7805
340,2777.6,3047.2,0.77633
342,2792.2,3059.8,0.77036
344,2806.7,3072.2,0.77787
346,2821.3,3084.6,0.77257
348,2835.8,3096.9,0.75922
350,2850.3,3109.1,0.78147
352,2864.7,3121.2,0.78407
354,2879.1,3133.2,0.77782
356,2893.5,3145.1,0.80055
358,2907.9,3157,0.75586
360,2922.2,3168.7,0.77018
362,2936.5,3180.4,0.77418
364,2950.8,3191.9,0.76663
366,2965,3203.4,0.7954
368,2979.2,3214.7,0.77293
370,2993.4,3226,0.78346
372,3007.5,3237.2,0.79055
374,3021.6,3248.2,0.76511
376,3035.7,3259.2,0.78629
378,3049.8,3270.1,0.78719
380,3063.8,3280.9,0.75413
382,3077.8,3291.6,0.78172
384,3091.7,3302.2,0.78127
386,3105.7,3312.7,0.76165
388,3119.6,3323.1,0.7877
390,3133.4,3333.4,0.78285
392,3147.3,3343.6,0.77968
394,3161.1,3353.7,0.77319
396,3174.8,3363.7,0.78473
398,3188.6,3373.6,0.79671
400,3202.3,3383.4,0.78401
402,3215.9,3393.1,0.77548
404,3229.6,3402.7,0.77901
406,3243.2,3412.2,0.77162
408,3256.7,3421.6,0.79203
410,3270.3,3430.9,0.7826
412,3283.8,3440.1,0.77852
414,3297.2,3449.2,0.78505
416,3310.7,3458.2,0.7736
418,3324.1,3467.1,0.77825
420,3337.5,3475.9,0.76401
422,3350.8,3484.6,0.76678
424,3364.1,3493.2,0.77322
426,3377.4,3501.7,0.75673
428,3390.6,3510,0.78458
430,3403.8,3518.3,0.77227
432,3417,3526.5,0.77598
434,3430.1,3534.5,0.77497
436,3443.2,3542.5,0.78171
438,3456.3,3550.4,0.77062
440,3469.3,3558.1,0.78106
442,3482.3,3565.7,0.78036
444,3495.3,3573.3,0.79615
446,3508.2,3580.7,0.765
448,3521.1,3588,0.7936
450,3534,3595.2,0.76259
452,3546.8,3602.4,0.77017
454,3559.6,3609.4,0.77786
456,3572.3,3616.3,0.75813
458,3585,3623,0.75797
460,3597.7,3629.7,0.78879
462,3610.4,3636.3,0.78978
464,3623,3642.7,0.77432
466,3635.6,3649.1,0.76369
468,3648.1,3655.3,0.7833
470,3660.6,3661.5,0.78678
472,3673.1,3667.5,0.77601
474,3685.5,3673.4,0.78357
476,3697.9,3679.2,0.79996
478,3710.3,3684.9,0.7706
480,3722.6,3690.5,0.78091
482,3734.9,3695.9,0.80836
484,3747.2,3701.3,0.77063
486,3759.4,3706.5,0.77446
488,3771.6,3711.7,0.78518
490,3783.7,3716.7,0.78813
492,3795.8,3721.6,0.80159
494,3807.9,3726.4,0.77638
496,3819.9,3731.1,0.77809
498,3831.9,3735.7,0.77837
500,3843.9,3740.1,0.77572
502,3855.8,3744.5,0.7888
504,3867.7,3748.7,0.77551
506,3879.6,3752.9,0.77563
508,3891.4,3756.9,0.77938
510,3903.2,3760.8,0.77285
512,3914.9,3764.6,0.78743
514,3926.6,3768.2,0.78484
516,3938.3,3771.8,0.771
518,3949.9,3775.2,0.77056
520,3961.5,3778.5,0.75704
522,3973.1,3781.8,0.78425
524,3984.6,3784.9,0.79231
526,3996.1,3787.8,0.7832
528,4007.5,3790.7,0.78169
530,4018.9,3793.5,0.78152
532,4030.3,3796.1,0.78806
534,4041.7,3798.6,0.76536
536,4052.9,3801,0.7719
538,4064.2,3803.3,0.78678
540,4075.4,3805.5,0.80245
542,4086.6,3807.6,0.76659
544,4097.8,3809.5,0.78524
546,4108.9,3811.3,0.78595
548,4119.9,3813,0.78306
550,4131,3814.6,0.78025
552,4142,3816.1,0.77808
554,4152.9,3817.5,0.78518
556,4163.8,3818.7,0.78359
558,4174.7,3819.8,0.78605
560,4185.6,3820.8,0.77332
562,4196.4,3821.7,0.76746
564,4207.1,3822.5,0.77107
566,4217.9,3823.2,0.7762
568,4228.6,3823.7,0.78365
570,4239.2,3824.1,0.77367
572,4249.8,3824.4,0.78186
574,4260.4,3824.6,0.79335
576,4270.9,3824.7,0.78033
578,4281.4,3824.6,0.78807
580,4291.9,3824.5,0.7816
582,4302.3,3824.2,0.79608
584,4312.7,3823.8,0.76915
586,4323,3823.3,0.80313
588,4333.3,3822.6,0.78662
590,4343.6,3821.9,0.77938
592,4353.8,3821,0.77676
594,4364,3820,0.78409
596,4374.2,3818.9,0.77548
598,4384.3,3817.7,0.79045
600,4394.4,3816.3,0.77985
602,4404.4,3814.9,0.78487
604,4414.4,3813.3,0.77804
606,4424.4,3811.6,0.78676
608,4434.3,3809.7,0.78811
610,4444.2,3807.8,0.78248
612,4454,3805.7,0.79692
614,4463.8,3803.6,0.76543
616,4473.6,3801.3,0.79686
618,4483.3,3798.8,0.80773
620,4493,3796.3,0.78727
622,4502.7,3793.6,0.79086
624,4512.3,3790.9,0.7869
626,4521.9,3788,0.77539
628,4531.4,3785,0.79175
630,4540.9,3781.8,0.78287
632,4550.4,3778.6,0.81521
634,4559.8,3775.2,0.77702
636,4569.2,3771.7,0.79376
638,4578.5,3768.1,0.77692
640,4587.8,3764.4,0.782
642,4597.1,3760.6,0.78912
644,4606.3,3756.6,0.78339
646,4615.5,3752.5,0.77363
648,4624.6,3748.3,0.79968
650,4633.7,3744,0.79911
652,4642.8,3739.6,0.78434
654,4651.9,3735,0.79456
656,4660.9,3730.3,0.78922
658,4669.8,3725.5,0.79046
660,4678.7,3720.6,0.78483
662,4687.6,3715.6,0.78661
664,4696.4,3710.4,0.79121
666,4705.3,3705.2,0.79257
668,4714,3699.8,0.80926
670,4722.7,3694.3,0.79932
672,4731.4,3688.7,0.79989
674,4740.1,3682.9,0.77811
676,4748.7,3677.1,0.81236
678,4757.3,3671.1,0.78158
680,4765.8,3665,0.78986
682,4774.3,3658.8,0.78798
684,4782.8,3652.4,0.79731
686,4791.2,3646,0.80472
688,4799.6,3639.4,0.79508
690,4807.9,3632.7,0.7829
692,4816.2,3625.9,0.7981
694,4824.5,3619,0.79467
696,4832.7,3612,0.81069
698,4840.9,3604.8,0.79948
700,4849,3597.6,0.79483
702,4857.2,3590.2,0.79335
704,4865.2,3582.7,0.80666
706,4873.3,3575.1,0.80265
708,4881.3,3567.3,0.79627
710,4889.2,3559.5,0.78219
712,4897.2,3551.5,0.7853
714,4905,3543.4,0.7945
716,4912.9,3535.2,0.79487
718,4920.7,3526.9,0.80376
720,4928.5,3518.5,0.81028
722,4936.2,3509.9,0.80293
724,4943.9,3501.2,0.80358
726,4951.6,3492.5,0.79465
728,4959.2,3483.6,0.80786
730,4966.8,3474.6,0.81
732,4974.3,3465.4,0.80615
734,4981.8,3456.2,0.80374
736,4989.3,3446.8,0.80457
738,4996.8,3437.4,0.78482
740,5004.2,3427.8,0.80442
742,5011.5,3418.1,0.79499
744,5018.8,3408.3,0.79456
746,5026.1,3398.3,0.80936
748,5033.4,3388.3,0.79777
750,5040.6,3378.1,0.81176
752,5047.8,3367.9,0.81452
754,5054.9,3357.5,0.81171
756,5062,3347,0.79169
758,5069.1,3336.4,0.82406
760,5076.1,3325.7,0.8093
762,5083.1,3314.8,0.80052
764,5090.1,3303.9,0.80805
766,5097,3292.8,0.79845
768,5103.9,3281.7,0.80242
770,5110.7,3270.4,0.80364
772,5117.6,3259,0.80441
774,5124.3,3247.5,0.78153
776,5131.1,3235.9,0.7911
778,5137.8,3224.1,0.80935
780,5144.4,3212.3,0.79272
782,5151.1,3200.4,0.81044
784,5157.7,3188.3,0.80173
786,5164.2,3176.1,0.81589
788,5170.8,3163.9,0.80908
790,5177.2,3151.5,0.80954
792,5183.7,3139,0.8213
794,5190.1,3126.4,0.81051
796,5196.5,3113.7,0.80863
798,5202.9,3100.8,0.81419
800,5209.2,3087.9,0.80399
802,5215.4,3074.9,0.82167
804,5221.7,3061.7,0.78556
806,5227.9,3048.5,0.78069
808,5234.1,3035.1,0.81705
810,5240.2,3021.6,0.81803
812,5246.3,3008.1,0.80663
814,5252.4,2994.4,0.80187
816,5258.4,2980.6,0.80054
818,5264.4,2966.7,0.79406
820,5270.4,2952.7,0.81467
822,5276.3,2938.6,0.81311
824,5282.2,2924.4,0.80277
826,5288.1,2910.1,0.81429
828,5293.9,2895.6,0.80185
830,5299.7,2881.1,0.8039
832,5305.5,2866.5,0.81353
834,5311.2,2851.8,0.80906
836,5316.9,2836.9,0.808
838,5322.5,2822,0.82229
840,5328.2,2806.9,0.81052
842,5333.8,2791.8,0.81103
844,5339.3,2776.5,0.82762
846,5344.9,2761.2,0.81176
848,5350.3,2745.7,0.79442
850,5355.8,2730.2,0.8266
852,5361.2,2714.5,0.79643
854,5366.6,2698.8,0.81151
856,5372,2682.9,0.81385
858,5377.3,2667,0.81398
860,5382.6,2650.9,0.81802
862,5387.9,2634.8,0.82272
864,5393.1,2618.5,0.79814
866,5398.3,2602.2,0.82568
868,5403.5,2585.7,0.80495
870,5408.6,2569.2,0.80982
872,5413.7,2552.5,0.82193
874,5418.8,2535.8,0.81552
876,5423.9,2518.9,0.8015
878,5428.9,2502,0.83479
880,5433.8,2485,0.83018
882,5438.8,2467.8,0.81181
884,5443.7,2450.6,0.82773
886,5448.6,2433.3,0.80906
888,5453.5,2415.9,0.81515
890,5458.3,2398.3,0.81918
892,5463.1,2380.7,0.81178
894,5467.8,2363,0.84115
896,5472.6,2345.2,0.81825
898,5477.3,2327.4,0.81887
900,5481.9,2309.4,0.81531
902,5486.6,2291.3,0.81373
904,5491.2,2273.1,0.83134
906,5495.8,2254.9,0.82235
908,5500.3,2236.5,0.81092
910,5504.9,2218.1,0.81541
912,5509.4,2199.6,0.81831
914,5513.8,2181,0.81627
916,5518.3,2162.2,0.83714
918,5522.7,2143.4,0.83654
920,5527,2124.6,0.8186
922,5531.4,2105.6,0.79726
924,5535.7,2086.5,0.82263
926,5540,2067.4,0.81557
928,5544.3,2048.1,0.82735
930,5548.5,2028.8,0.81211
932,5552.7,2009.4,0.814
934,5556.9,1989.9,0.83461
936,5561,1970.3,0.8331
938,5565.2,1950.6,0.83168
940,5569.3,1930.9,0.81438
942,5573.3,1911,0.82887
944,5577.4,1891.1,0.82683
946,5581.4,1871.1,0.80944
948,5585.4,1851,0.83916
950,5589.3,1830.8,0.84231
952,5593.3,1810.6,0.8181
954,5597.2,1790.2,0.82489
956,5601,1769.8,0.83203
958,5604.9,1749.3,0.82713
960,5608.7,1728.7,0.81361
962,5612.5,1708.1,0.83579
964,5616.3,1687.3,0.8409
966,5620,1666.5,0.83097
968,5623.8,1645.6,0.84922
970,5627.5,1624.6,0.81856
972,5631.1,1603.6,0.82158
974,5634.8,1582.4,0.82439
976,5638.4,1561.2,0.84132
978,5642,1539.9,0.85163
980,5645.6,1518.6,0.83193
982,5649.1,1497.1,0.83777
984,5652.6,1475.6,0.83078
986,5656.1,1454,0.81867
988,5659.6,1432.4,0.83042
990,5663.1,1410.6,0.85955
992,5666.5,1388.8,0.84027
994,5669.9,1366.9,0.82975
996,5673.3,1345,0.84824
998,5676.6,1322.9,0.83907
1000,5680,1300.8,0.84401
1002,5683.3,1278.6,0.8183
1004,5686.6,1256.4,0.82837
1006,5689.8,1234.1,0.83499
1008,5693.1,1211.7,0.85261
1010,5696.3,1189.2,0.83752
1012,5699.5,1166.7,0.83017
1014,5702.7,1144.1,0.83599
1016,5705.8,1121.5,0.82995
1018,5708.9,1098.7,0.84103
1020,5712.1,1076,0.83912
1022,5715.1,1053.1,0.8435
1024,5718.2,1030.2,0.82956
1026,5721.3,1007.2,0.85229
1028,5724.3,984.13,0.82549
1030,5727.3,961.01,0.83649
1032,5730.3,937.83,0.83216
1034,5733.2,914.58,0.84913
1036,5736.2,891.27,0.83763
1038,5739.1,867.9,0.83827
1040,5742,844.47,0.85253
1042,5744.9,820.97,0.83748
1044,5747.7,797.42,0.84684
1046,5750.6,773.8,0.83635
1048,5753.4,750.13,0.83449
1050,5756.2,726.39,0.84221
1052,5759,702.6,0.85268
1054,5761.7,678.75,0.84088
1056,5764.5,654.84,0.83976
1058,5767.2,630.87,0.85
1060,5769.9,606.85,0.84588
1062,5772.6,582.77,0.82844
1064,5775.3,558.63,0.85119
1066,5777.9,534.45,0.84379
1068,5780.6,510.2,0.85641
1070,5783.2,485.9,0.83888
1072,5785.8,461.55,0.85383
1074,5788.4,437.15,0.83453
1076,5791,412.69,0.86256
1078,5793.5,388.18,0.82603
1080,5796,363.62,0.84306
1082,5798.6,339.01,0.85197
1084,5801.1,314.35,0.86073
1086,5803.5,289.64,0.85632
1088,5806,264.88,0.85456
1090,5808.5,240.07,0.8607
1092,5810.9,215.21,0.84611
1094,5813.3,190.31,0.84869
1096,5815.7,165.35,0.85411
1098,5818.1,140.36,0.83641
1100,5820.5,115.31,0.82554
1102,5822.9,90.223,0.86487
1104,5825.2,65.089,0.84915
1106,5827.6,39.91,0.85587
1108,5829.9,14.688,0.83481
1110,5832.2,-10.577,0.86321
1112,5834.5,-35.885,0.83632
1114,5836.7,-61.235,0.85741
1116,5839,-86.627,0.86814
1118,5841.3,-112.06,0.86685
1120,5843.5,-137.53,0.85093
1122,5845.7,-163.04,0.86365
1124,5847.9,-188.6,0.85364
1126,5850.1,-214.19,0.84966
1128,5852.3,-239.82,0.8481
1130,5854.5,-265.48,0.83475
1132,5856.7,-291.19,0.84032
1134,5858.8,-316.93,0.85758
1136,5861,-342.7,0.84093
1138,5863.1,-368.51,0.85013
1140,5865.2,-394.36,0.8661
1142,5867.3,-420.24,0.8593
1144,5869.4,-446.15,0.85399
1146,5871.5,-472.1,0.86151
1148,5873.6,-498.08,0.838
1150,5875.6,-524.09,0.86045
1152,5877.7,-550.13,0.85976
1154,5879.7,-576.2,0.84144
1156,5881.8,-602.31,0.87221
1158,5883.8,-628.44,0.84383
1160,5885.8,-654.6,0.86746
1162,5887.8,-680.79,0.85664
1164,5889.8,-707.01,0.85516
1166,5891.8,-733.25,0.85512
1168,5893.8,-759.53,0.85651
1170,5895.7,-785.82,0.85019
1172,5897.7,-812.15,0.85305
1174,5899.6,-838.5,0.85464
1176,5901.6,-864.87,0.86934
1178,5903.5,-891.27,0.85
1180,5905.5,-917.69,0.86329
1182,5907.4,-944.13,0.86601
1184,5909.3,-970.59,0.849
1186,5911.2,-997.08,0.87905
1188,5913.1,-1023.6,0.84449
1190,5915,-1050.1,0.8642
1192,5916.9,-1076.7,0.85007
1194,5918.8,-1103.2,0.86528
1196,5920.6,-1129.8,0.86106
1198,5922.5,-1156.4,0.86089
1200,5924.4,-1183,0.85779
1202,5926.2,-1209.7,0.86967
1204,5928.1,-1236.3,0.86154
1206,5929.9,-1263,0.86317
1208,5931.8,-1289.7,0.87742
1210,5933.6,-1316.4,0.8796
1212,5935.5,-1343.1,0.87454
1214,5937.3,-1369.8,0.86556
1216,5939.1,-1396.6,0.87199
1218,5940.9,-1423.3,0.86076
1220,5942.8,-1450.1,0.86399
1222,5944.6,-1476.8,0.85645
1224,5946.4,-1503.6,0.86263
1226,5948.2,-1530.4,0.85965
1228,5950,-1557.2,0.85869
1230,5951.8,-1584,0.86783
1232,5953.6,-1610.8,0.88334
1234,5955.4,-1637.7,0.86623
1236,5957.2,-1664.5,0.88249
1238,5959,-1691.3,0.87623
1240,5960.8,-1718.2,0.87221
1242,5962.6,-1745,0.8696
1244,5964.4,-1771.9,0.87221
1246,5966.2,-1798.7,0.90748
1248,5968,-1825.6,0.88388
1250,5969.7,-1852.5,0.88025
1252,5971.5,-1879.3,0.88426
1254,5973.3,-1906.2,0.87241
1256,5975.1,-1933.1,0.88958
1258,5976.9,-1959.9,0.88032
1260,5978.7,-1986.8,0.87667
1262,5980.5,-2013.7,0.86391
1264,5982.2,-2040.5,0.86823
1266,5984,-2067.4,0.8741
1268,5985.8,-2094.2,0.86974
1270,5987.6,-2121.1,0.86749
1272,5989.4,-2147.9,0.87506
1274,5991.2,-2174.8,0.90186
1276,5993,-2201.6,0.87606
1278,5994.8,-2228.5,0.89621
1280,5996.6,-2255.3,0.87507
1282,5998.4,-2282.1,0.87851
1284,6000.2,-2308.9,0.87514
1286,6002,-2335.7,0.88792
1288,6003.8,-2362.5,0.88859
1290,6005.6,-2389.3,0.88122
1292,6007.4,-2416.1,0.90207
1294,6009.2,-2442.9,0.90042
1296,6011,-2469.6,0.87763
1298,6012.9,-2496.4,0.89307
1300,6014.7,-2523.1,0.88905
1302,6016.5,-2549.8,0.86822
1304,6018.4,-2576.5,0.8797
1306,6020.2,-2603.2,0.88925
1308,6022.1,-2629.9,0.89581
1310,6023.9,-2656.6,0.87602
1312,6025.8,-2683.2,0.87242
1314,6027.6,-2709.8,0.86677
1316,6029.5,-2736.5,0.87786
1318,6031.4,-2763.1,0.87317
1320,6033.2,-2789.6,0.88305
1322,6035.1,-2816.2,0.87884
1324,6037,-2842.7,0.89229
1326,6038.9,-2869.3,0.88573
1328,6040.8,-2895.8,0.8902
1330,6042.7,-2922.2,0.87272
1332,6044.7,-2948.7,0.88127
1334,6046.6,-2975.1,0.88316
1336,6048.5,-3001.5,0.87725
1338,6050.4,-3027.9,0.88392
1340,6052.4,-3054.3,0.88868
1342,6054.4,-3080.6,0.88606
1344,6056.3,-3106.9,0.89907
1346,6058.3,-3133.2,0.87946
1348,6060.3,-3159.5,0.8839
1350,6062.3,-3185.7,0.88596
1352,6064.3,-3211.9,0.89429
1354,6066.3,-3238.1,0.8918
1356,6068.3,-3264.3,0.87242
1358,6070.3,-3290.4,0.87603
1360,6072.4,-3316.5,0.89213
1362,6074.4,-3342.5,0.8925
1364,6076.5,-3368.6,0.89363
1366,6078.5,-3394.6,0.88865
1368,6080.6,-3420.5,0.90441
1370,6082.7,-3446.5,0.89689
1372,6084.8,-3472.4,0.8676
1374,6086.9,-3498.2,0.86413
1376,6089,-3524.1,0.88019
1378,6091.1,-3549.9,0.89895
1380,6093.3,-3575.6,0.89317
1382,6095.4,-3601.4,0.8891
1384,6097.6,-3627.1,0.89877
1386,6099.8,-3652.7,0.90864
1388,6102,-3678.3,0.89112
1390,6104.2,-3703.9,0.92334
1392,6106.4,-3729.4,0.89576
1394,6108.6,-3754.9,0.89871
1396,6110.9,-3780.4,0.88424
1398,6113.1,-3805.8,0.89479
1400,6115.4,-3831.2,0.8995
1402,6117.7,-3856.5,0.88607
1404,6120,-3881.8,0.89273
1406,6122.3,-3907.1,0.90366
1408,6124.6,-3932.3,0.89415
1410,6127,-3957.4,0.903
1412,6129.3,-3982.6,0.90004
1414,6131.7,-4007.6,0.89256
1416,6134.1,-4032.7,0.90272
1418,6136.5,-4057.6,0.88753
1420,6138.9,-4082.6,0.88753
1422,6141.3,-4107.5,0.88309
1424,6143.7,-4132.3,0.89126
1426,6146.2,-4157.1,0.90103
1428,6148.7,-4181.8,0.88994
1430,6151.2,-4206.5,0.88947
1432,6153.7,-4231.2,0.89961
1434,6156.2,-4255.8,0.89224
1436,6158.7,-4280.3,0.88953
1438,6161.3,-4304.8,0.88983
1440,6163.9,-4329.2,0.88543
1442,6166.5,-4353.6,0.90455
1444,6169.1,-4377.9,0.87525
1446,6171.7,-4402.2,0.89864
1448,6174.3,-4426.5,0.90014
1450,6177,-4450.6,0.90778
1452,6179.7,-4474.7,0.90339
1454,6182.4,-4498.8,0.90325
1456,6185.1,-4522.8,0.9146
1458,6187.8,-4546.7,0.88381
1460,6190.6,-4570.6,0.89133
1462,6193.4,-4594.5,0.89028
1464,6196.1,-4618.2,0.89584
1466,6199,-4641.9,0.88871
1468,6201.8,-4665.6,0.91238
1470,6204.6,-4689.2,0.90224
1472,6207.5,-4712.7,0.90207
1474,6210.4,-4736.2,0.90548
1476,6213.3,-4759.6,0.89589
1478,6216.2,-4783,0.88448
1480,6219.2,-4806.2,0.90029
1482,6222.1,-4829.5,0.9023
1484,6225.1,-4852.6,0.89917
1486,6228.1,-4875.7,0.93129
1488,6231.2,-4898.8,0.90364
1490,6234.2,-4921.7,0.89914
1492,6237.3,-4944.6,0.92241
1494,6240.4,-4967.5,0.90394
1496,6243.5,-4990.2,0.91446
1498,6246.7,-5012.9,0.90656
1500,6249.8,-5035.6,0.896
1502,6253,-5058.1,0.92074
1504,6256.2,-5080.6,0.90346
1506,6259.4,-5103.1,0.90961
1508,6262.7,-5125.4,0.88896
1510,6265.9,-5147.7,0.92371
1512,6269.2,-5169.9,0.91231
1514,6272.6,-5192.1,0.92513
1516,6275.9,-5214.1,0.90527
1518,6279.3,-5236.2,0.90947
1520,6282.7,-5258.1,0.89386
1522,6286.1,-5279.9,0.9072
1524,6289.5,-5301.7,0.89891
1526,6293,-5323.4,0.90535
1528,6296.4,-5345.1,0.90007
1530,6300,-5366.7,0.90882
1532,6303.5,-5388.1,0.9187
1534,6307,-5409.6,0.91793
1536,6310.6,-5430.9,0.8986
1538,6314.2,-5452.2,0.91264
1540,6317.9,-5473.3,0.87404
1542,6321.5,-5494.4,0.90672
1544,6325.2,-5515.5,0.91356
1546,6328.9,-5536.4,0.9108
1548,6332.6,-5557.3,0.92949
1550,6336.4,-5578.1,0.92379
1552,6340.2,-5598.8,0.92266
1554,6344,-5619.4,0.9063
1556,6347.8,-5640,0.89936
1558,6351.7,-5660.5,0.91306
1560,6355.6,-5680.9,0.91409
1562,6359.5,-5701.2,0.90863
1564,6363.4,-5721.4,0.92338
1566,6367.4,-5741.5,0.91056
1568,6371.4,-5761.6,0.91873
1570,6375.4,-5781.6,0.93821
1572,6379.5,-5801.5,0.91205
1574,6383.6,-5821.3,0.91525
1576,6387.7,-5841,0.90351
1578,6391.8,-5860.6,0.91681
1580,6396,-5880.2,0.913
1582,6400.1,-5899.7,0.91945
1584,6404.4,-5919,0.91946
1586,6408.6,-5938.3,0.90576
1588,6412.9,-5957.6,0.91181
1590,6417.2,-5976.7,0.91951
1592,6421.5,-5995.7,0.90005
1594,6425.9,-6014.6,0.916
1596,6430.3,-6033.5,0.91127
1598,6434.7,-6052.3,0.91317
1600,6439.1,-6070.9,0.91401
1602,6443.6,-6089.5,0.89898
1604,6448.1,-6108,0.91103
1606,6452.6,-6126.4,0.92546
1608,6457.2,-6144.7,0.89722
1610,6461.8,-6163,0.92352
1612,6466.4,-6181.1,0.93447
1614,6471.1,-6199.1,0.91237
1616,6475.8,-6217.1,0.92341
1618,6480.5,-6234.9,0.89599
1620,6485.2,-6252.7,0.92679
1622,6490,-6270.4,0.90199
1624,6494.8,-6287.9,0.9204
1626,6499.6,-6305.4,0.91371
1628,6504.5,-6322.8,0.91508
1630,6509.4,-6340.1,0.933
1632,6514.3,-6357.3,0.93535
1634,6519.3,-6374.4,0.92331
1636,6524.3,-6391.4,0.91676
1638,6529.3,-6408.3,0.91554
1640,6534.4,-6425.1,0.91993
1642,6539.4,-6441.8,0.89911
1644,6544.6,-6458.4,0.91545
1646,6549.7,-6474.9,0.9402
1648,6554.9,-6491.3,0.9059
1650,6560.1,-6507.6,0.93371
1652,6565.3,-6523.9,0.93235
1654,6570.6,-6540,0.92278
1656,6575.9,-6556,0.917
1658,6581.3,-6571.9,0.92516
1660,6586.7,-6587.7,0.94279
1662,6592.1,-6603.5,0.91846
1664,6597.5,-6619.1,0.93899
1666,6603,-6634.6,0.92549
1668,6608.5,-6650,0.92038
1670,6614,-6665.3,0.93655
1672,6619.6,-6680.5,0.91389
1674,6625.2,-6695.6,0.92088
1676,6630.8,-6710.6,0.92324
1678,6636.5,-6725.5,0.92249
1680,6642.2,-6740.3,0.93499
1682,6648,-6755,0.92779
1684,6653.7,-6769.6,0.91978
1686,6659.5,-6784.1,0.91165
1688,6665.4,-6798.5,0.91497
1690,6671.3,-6812.8,0.93164
1692,6677.2,-6826.9,0.93452
1694,6683.1,-6841,0.9387
1696,6689.1,-6855,0.91756
1698,6695.1,-6868.8,0.91512
1700,6701.1,-6882.6,0.93608
1702,6707.2,-6896.2,0.91816
1704,6713.3,-6909.8,0.93592
1706,6719.5,-6923.2,0.89321
1708,6725.7,-6936.5,0.92608
1710,6731.9,-6949.7,0.92977
1712,6738.2,-6962.8,0.92366
1714,6744.4,-6975.8,0.91268
1716,6750.8,-6988.7,0.92205
1718,6757.1,-7001.5,0.92933
1720,6763.5,-7014.2,0.92153
1722,6770,-7026.7,0.93242
1724,6776.4,-7039.2,0.93198
1726,6782.9,-7051.5,0.92894
1728,6789.5,-7063.8,0.92419
1730,6796,-7075.9,0.91862
1732,6802.7,-7087.9,0.91885
1734,6809.3,-7099.8,0.94457
1736,6816,-7111.6,0.91169
1738,6822.7,-7123.3,0.91611
1740,6829.5,-7134.9,0.92112
1742,6836.2,-7146.4,0.93747
1744,6843.1,-7157.7,0.92088
1746,6849.9,-7168.9,0.91612
1748,6856.8,-7180.1,0.91631
1750,6863.8,-7191.1,0.934
1752,6870.7,-7202,0.93585
1754,6877.7,-7212.8,0.92265
1756,6884.8,-7223.5,0.93693
1758,6891.9,-7234,0.92637
1760,6899,-7244.5,0.93668
1762,6906.1,-7254.8,0.92073
1764,6913.3,-7265.1,0.94865
1766,6920.6,-7275.2,0.93356
1768,6927.8,-7285.2,0.92744
1770,6935.1,-7295.1,0.9302
1772,6942.5,-7304.8,0.91847
1774,6949.8,-7314.5,0.91552
1776,6957.3,-7324,0.91313
1778,6964.7,-7333.5,0.89913
1780,6972.2,-7342.8,0.93046
1782,6979.7,-7352,0.94806
1784,6987.3,-7361.1,0.91979
1786,6994.9,-7370,0.92841
1788,7002.5,-7378.9,0.92023
1790,7010.2,-7387.6,0.92477
1792,7017.9,-7396.2,0.93483
1794,7025.7,-7404.8,0.93554
1796,7033.5,-7413.1,0.9435
1798,7041.3,-7421.4,0.91338
1800,7049.1,-7429.6,0.93451
1802,7057,-7437.6,0.94154
1804,7065,-7445.6,0.92498
1806,7073,-7453.4,0.93938
1808,7081,-7461.1,0.92279
1810,7089,-7468.6,0.93863
1812,7097.1,-7476.1,0.92351
1814,7105.2,-7483.4,0.91958
1816,7113.4,-7490.7,0.93482
1818,7121.6,-7497.8,0.94903
1820,7129.9,-7504.8,0.93312
1822,7138.1,-7511.7,0.95013
1824,7146.5,-7518.4,0.95281
1826,7154.8,-7525.1,0.93022
1828,7163.2,-7531.6,0.93468
1830,7171.6,-7538,0.95366
1832,7180.1,-7544.3,0.92611
1834,7188.6,-7550.4,0.93684
1836,7197.2,-7556.5,0.93311
1838,7205.8,-7562.4,0.93276
1840,7214.4,-7568.2,0.91725
1842,7223,-7573.9,0.93244
1844,7231.7,-7579.5,0.93311
1846,7240.5,-7585,0.92841
1848,7249.3,-7590.3,0.94324
1850,7258.1,-7595.5,0.91145
1852,7266.9,-7600.6,0.92701
1854,7275.8,-7605.6,0.93912
1856,7284.8,-7610.5,0.94758
1858,7293.7,-7615.3,0.93441
1860,7302.7,-7619.9,0.93966
1862,7311.8,-7624.4,0.93471
1864,7320.9,-7628.8,0.93465
1866,7330,-7633.1,0.93813
1868,7339.2,-7637.2,0.91978
1870,7348.4,-7641.3,0.92892
1872,7357.6,-7645.2,0.93252
1874,7366.9,-7649,0.92418
1876,7376.2,-7652.7,0.94214
1878,7385.6,-7656.2,0.93416
1880,7395,-7659.7,0.92201
1882,7404.4,-7663,0.92179
1884,7413.9,-7666.2,0.91959
1886,7423.4,-7669.3,0.92409
1888,7432.9,-7672.3,0.92854
1890,7442.5,-7675.1,0.93194
1892,7452.1,-7677.8,0.93012
1894,7461.8,-7680.5,0.9248
1896,7471.5,-7683,0.94773
1898,7481.3,-7685.3,0.93585
1900,7491,-7687.6,0.94585
1902,7500.9,-7689.7,0.92846
1904,7510.7,-7691.7,0.92635
1906,7520.6,-7693.6,0.93425
1908,7530.6,-7695.4,0.93102
1910,7540.5,-7697.1,0.93728
1912,7550.5,-7698.6,0.94895
1914,7560.6,-7700,0.93196
1916,7570.7,-7701.4,0.94274
1918,7580.8,-7702.5,0.92664
1920,7591,-7703.6,0.92333
1922,7601.2,-7704.6,0.94045
1924,7611.4,-7705.4,0.92081
1926,7621.7,-7706.1,0.94026
1928,7632,-7706.7,0.93898
1930,7642.4,-7707.2,0.92354
1932,7652.8,-7707.5,0.95012
1934,7663.2,-7707.8,0.93903
1936,7673.7,-7707.9,0.92422
1938,7684.2,-7707.9,0.91577
1940,7694.8,-7707.8,0.9307
1942,7705.4,-7707.6,0.93317
1944,7716,-7707.2,0.93638
1946,7726.7,-7706.7,0.93864
1948,7737.4,-7706.2,0.95308
1950,7748.1,-7705.5,0.92825
1952,7758.9,-7704.6,0.93845
1954,7769.7,-7703.7,0.93597
1956,7780.6,-7702.7,0.93706
1958,7791.4,-7701.5,0.92279
1960,7802.4,-7700.2,0.94614
1962,7813.4,-7698.8,0.92508
1964,7824.4,-7697.3,0.9245
1966,7835.4,-7695.6,0.91931
1968,7846.5,-7693.9,0.95034
1970,7857.6,-7692,0.94198
1972,7868.8,-7690,0.93573
1974,7880,-7687.9,0.93722
1976,7891.2,-7685.7,0.94176
1978,7902.5,-7683.4,0.927
1980,7913.8,-7680.9,0.9307
1982,7925.1,-7678.4,0.93254
1984,7936.5,-7675.7,0.94754
1986,7947.9,-7672.9,0.93311
1988,7959.4,-7670,0.93486
1990,7970.9,-7667,0.94438
1992,7982.4,-7663.8,0.93324
1994,7994,-7660.6,0.94593
1996,8005.6,-7657.2,0.94071
1998,8017.3,-7653.7,0.94094
2000,8028.9,-7650.1,0.93215
2002,8040.7,-7646.4,0.95288
2004,8052.4,-7642.6,0.94537
2006,8064.2,-7638.7,0.93406
2008,8076,-7634.6,0.95319
2010,8087.9,-7630.4,0.92211
2012,8099.8,-7626.2,0.92631
2014,8111.8,-7621.8,0.92283
2016,8123.7,-7617.3,0.91602
2018,8135.8,-7612.6,0.94689
2020,8147.8,-7607.9,0.93267
2022,8159.9,-7603.1,0.92446
2024,8172,-7598.1,0.93669
2026,8184.2,-7593.1,0.92988
2028,8196.4,-7587.9,0.94546
2030,8208.6,-7582.6,0.94648
2032,8220.9,-7577.2,0.9493
2034,8233.2,-7571.7,0.95969
2036,8245.5,-7566.1,0.95328
2038,8257.9,-7560.3,0.94571
2040,8270.3,-7554.5,0.9373
2042,8282.8,-7548.5,0.92356
2044,8295.2,-7542.5,0.93313
2046,8307.8,-7536.3,0.92216
2048,8320.3,-7530,0.93563
2050,8332.9,-7523.6,0.93805
2052,8345.5,-7517.1,0.94526
2054,8358.2,-7510.5,0.94108
2056,8370.9,-7503.8,0.92834
2058,8383.6,-7497,0.94567
2060,8396.4,-7490.1,0.91856
2062,8409.2,-7483,0.93232
2064,8422,-7475.9,0.94462
2066,8434.9,-7468.6,0.94737
2068,8447.8,-7461.2,0.92247
2070,8460.8,-7453.8,0.93439
2072,8473.7,-7446.2,0.92768
2074,8486.7,-7438.5,0.94698
2076,8499.8,-7430.7,0.95465
2078,8512.9,-7422.9,0.93158
2080,8526,-7414.9,0.92893
2082,8539.1,-7406.8,0.93151
2084,8552.3,-7398.5,0.95467
2086,8565.5,-7390.2,0.93288
2088,8578.8,-7381.8,0.9376
2090,8592.1,-7373.3,0.92415
2092,8605.4,-7364.7,0.94607
2094,8618.7,-7355.9,0.95077
2096,8632.1,-7347.1,0.93975
2098,8645.5,-7338.2,0.92055
2100,8659,-7329.2,0.92519
2102,8672.4,-7320,0.93089
2104,8686,-7310.8,0.94115
2106,8699.5,-7301.4,0.92553
2108,8713.1,-7292,0.93214
2110,8726.7,-7282.5,0.93058
2112,8740.4,-7272.8,0.93712
2114,8754,-7263.1,0.9279
2116,8767.8,-7253.2,0.95265
2118,8781.5,-7243.3,0.93084
2120,8795.3,-7233.2,0.9437
2122,8809.1,-7223.1,0.94688
2124,8822.9,-7212.9,0.94045
2126,8836.8,-7202.5,0.9611
2128,8850.7,-7192.1,0.93135
2130,8864.6,-7181.6,0.93343
2132,8878.6,-7170.9,0.94426
2134,8892.6,-7160.2,0.95965
2136,8906.6,-7149.4,0.94187
2138,8920.7,-7138.5,0.91321
2140,8934.8,-7127.4,0.94935
2142,8948.9,-7116.3,0.93884
2144,8963.1,-7105.1,0.94678
2146,8977.3,-7093.8,0.9506
2148,8991.5,-7082.4,0.92531
2150,9005.7,-7070.9,0.93476
2152,9020,-7059.4,0.939
2154,9034.3,-7047.7,0.93426
2156,9048.7,-7035.9,0.94467
2158,9063,-7024.1,0.94835
2160,9077.4,-7012.1,0.94386
2162,9091.9,-7000.1,0.93963
2164,9106.3,-6987.9,0.93051
2166,9120.8,-6975.7,0.93022
2168,9135.3,-6963.4,0.93225
2170,9149.9,-6951,0.94629
2172,9164.4,-6938.5,0.94406
2174,9179,-6925.9,0.94023
2176,9193.7,-6913.2,0.92488
2178,9208.3,-6900.4,0.93737
2180,9223,-6887.6,0.94334
2182,9237.8,-6874.6,0.92725
2184,9252.5,-6861.6,0.95183
2186,9267.3,-6848.5,0.94034
2188,9282.1,-6835.3,0.92269
2190,9296.9,-6822,0.94023
2192,9311.8,-6808.6,0.92232
2194,9326.7,-6795.1,0.93621
2196,9341.6,-6781.6,0.94762
2198,9356.5,-6767.9,0.93137
2200,9371.5,-6754.2,0.92601
2202,9386.5,-6740.4,0.92759
2204,9401.5,-6726.5,0.94036
2206,9416.6,-6712.6,0.92341
2208,9431.7,-6698.5,0.96948
2210,9446.8,-6684.4,0.93084
2212,9461.9,-6670.2,0.93878
2214,9477.1,-6655.9,0.92461
2216,9492.2,-6641.5,0.94254
2218,9507.5,-6627.1,0.9303
2220,9522.7,-6612.5,0.9507
2222,9538,-6597.9,0.93728
2224,9553.2,-6583.2,0.9379
2226,9568.6,-6568.4,0.94854
2228,9583.9,-6553.6,0.93701
2230,9599.3,-6538.6,0.94602
2232,9614.7,-6523.6,0.92544
2234,9630.1,-6508.6,0.93913
2236,9645.5,-6493.4,0.94786
2238,9661,-6478.2,0.94119
2240,9676.5,-6462.8,0.93997
2242,9692,-6447.5,0.9411
2244,9707.5,-6432,0.96272
2246,9723.1,-6416.5,0.92744
2248,9738.7,-6400.8,0.94516
2250,9754.3,-6385.2,0.93516
2252,9769.9,-6369.4,0.94167
2254,9785.6,-6353.6,0.92816
2256,9801.3,-6337.7,0.93939
2258,9817,-6321.7,0.94236
2260,9832.7,-6305.7,0.92929
2262,9848.4,-6289.6,0.93551
2264,9864.2,-6273.4,0.95498
2266,9880,-6257.1,0.9533
2268,9895.8,-6240.8,0.9312
2270,9911.7,-6224.4,0.93625
2272,9927.5,-6208,0.94893
2274,9943.4,-6191.4,0.93605
2276,9959.3,-6174.8,0.92191
2278,9975.2,-6158.2,0.94098
2280,9991.2,-6141.5,0.94051
2282,10007,-6124.7,0.94364
2284,10023,-6107.8,0.92723
2286,10039,-6090.9,0.93184
2288,10055,-6073.9,0.93657
2290,10071,-6056.9,0.94114
2292,10087,-6039.8,0.92223
2294,10103,-6022.6,0.94536
2296,10120,-6005.4,0.93883
2298,10136,-5988.1,0.95175
2300,10152,-5970.7,0.97397
2302,10168,-5953.3,0.93597
2304,10184,-5935.8,0.92901
2306,10200,-5918.3,0.92698
2308,10217,-5900.7,0.93322
2310,10233,-5883,0.95263
2312,10249,-5865.3,0.92677
2314,10265,-5847.6,0.96438
2316,10282,-5829.7,0.92664
2318,10298,-5811.8,0.94045
2320,10314,-5793.9,0.9198
2322,10331,-5775.9,0.92334
2324,10347,-5757.9,0.93904
2326,10364,-5739.8,0.92839
2328,10380,-5721.6,0.95171
2330,10396,-5703.4,0.93056
2332,10413,-5685.2,0.94604
2334,10429,-5666.8,0.93073
2336,10446,-5648.5,0.90033
2338,10462,-5630.1,0.94799
2340,10479,-5611.6,0.94098
2342,10495,-5593.1,0.93528
2344,10512,-5574.5,0.93438
2346,10528,-5555.9,0.94734
2348,10545,-5537.2,0.92129
2350,10562,-5518.5,0.93462
2352,10578,-5499.8,0.94656
2354,10595,-5481,0.92809
2356,10611,-5462.1,0.93805
2358,10628,-5443.2,0.93373
2360,10645,-5424.3,0.94143
2362,10661,-5405.3,0.92241
2364,10678,-5386.3,0.9445
2366,10695,-5367.2,0.91944
2368,10712,-5348.1,0.94414
2370,10728,-5328.9,0.93668
2372,10745,-5309.7,0.93856
2374,10762,-5290.5,0.92071
2376,10779,-5271.2,0.93921
2378,10795,-5251.9,0.93565
2380,10812,-5232.5,0.93388
2382,10829,-5213.1,0.92261
2384,10846,-5193.7,0.95242
2386,10863,-5174.2,0.94704
2388,10880,-5154.7,0.94598
2390,10896,-5135.2,0.94542
2392,10913,-5115.6,0.91819
2394,10930,-5096,0.92647
2396,10947,-5076.3,0.94698
2398,10964,-5056.6,0.95647
2400,10981,-5036.9,0.93943
2402,10998,-5017.1,0.93543
2404,11015,-4997.4,0.94342
2406,11032,-4977.5,0.92885
2408,11049,-4957.7,0.93197
2410,11066,-4937.8,0.9223
2412,11083,-4917.9,0.9369
2414,11100,-4897.9,0.9325
2416,11117,-4878,0.94688
2418,11134,-4858,0.94883
2420,11151,-4837.9,0.92794
2422,11168,-4817.9,0.92611
2424,11185,-4797.8,0.93574
2426,11202,-4777.7,0.93697
2428,11219,-4757.6,0.92577
2430,11236,-4737.4,0.92832
2432,11253,-4717.2,0.93601
2434,11270,-4697,0.93356
2436,11287,-4676.8,0.93691
2438,11304,-4656.5,0.91197
2440,11321,-4636.2,0.93408
2442,11339,-4615.9,0.92976
2444,11356,-4595.6,0.93039
2446,11373,-4575.3,0.93418
2448,11390,-4554.9,0.93298
2450,11407,-4534.5,0.93794
2452,11424,-4514.1,0.9401
2454,11441,-4493.7,0.93073
2456,11458,-4473.3,0.93028
2458,11476,-4452.8,0.91851
2460,11493,-4432.4,0.9367
2462,11510,-4411.9,0.9223
2464,11527,-4391.4,0.9273
2466,11544,-4370.9,0.93184
2468,11562,-4350.3,0.92235
2470,11579,-4329.8,0.94442
2472,11596,-4309.3,0.93492
2474,11613,-4288.7,0.93981
2476,11630,-4268.1,0.93487
2478,11648,-4247.5,0.93692
2480,11665,-4226.9,0.93031
2482,11682,-4206.3,0.92902
2484,11699,-4185.7,0.949
2486,11716,-4165.1,0.94561
2488,11734,-4144.4,0.93807
2490,11751,-4123.8,0.93178
2492,11768,-4103.1,0.92519
2494,11785,-4082.5,0.91719
2496,11802,-4061.8,0.94565
2498,11820,-4041.2,0.93193
2500,11837,-4020.5,0.94159
2502,11854,-3999.8,0.94797
2504,11871,-3979.1,0.91859
2506,11889,-3958.5,0.92537
2508,11906,-3937.8,0.93017
2510,11923,-3917.1,0.92603
2512,11940,-3896.4,0.92092
2514,11958,-3875.7,0.93367
2516,11975,-3855,0.92791
2518,11992,-3834.3,0.92652
2520,12009,-3813.7,0.93301
2522,12027,-3793,0.93557
2524,12044,-3772.3,0.92373
2526,12061,-3751.6,0.93119
2528,12078,-3731,0.92366
2530,12095,-3710.3,0.93014
2532,12113,-3689.6,0.93676
2534,12130,-3669,0.93123
2536,12147,-3648.3,0.92719
2538,12164,-3627.7,0.91507
2540,12182,-3607,0.93301
2542,12199,-3586.4,0.92786
2544,12216,-3565.8,0.93422
2546,12233,-3545.2,0.94176
2548,12250,-3524.6,0.93486
2550,12268,-3504,0.92191
2552,12285,-3483.4,0.92278
2554,12302,-3462.8,0.93413
2556,12319,-3442.3,0.9242
2558,12336,-3421.7,0.93242
2560,12354,-3401.2,0.92216
2562,12371,-3380.7,0.93657
2564,12388,-3360.2,0.9269
2566,12405,-3339.7,0.92686
2568,12422,-3319.2,0.91035
2570,12439,-3298.8,0.92731
2572,12457,-3278.3,0.93275
2574,12474,-3257.9,0.93051
2576,12491,-3237.5,0.9339
2578,12508,-3217.1,0.95222
2580,12525,-3196.7,0.91343
2582,12542,-3176.4,0.92505
2584,12559,-3156.1,0.94977
2586,12577,-3135.8,0.93843
2588,12594,-3115.5,0.94162
2590,12611,-3095.2,0.93494
2592,12628,-3075,0.93878
2594,12645,-3054.8,0.92784
2596,12662,-3034.6,0.94062
2598,12679,-3014.4,0.91425
2600,12696,-2994.3,0.93508
2602,12713,-2974.1,0.94193
2604,12730,-2954.1,0.93646
2606,12747,-2934,0.93336
2608,12764,-2914,0.93962
2610,12781,-2893.9,0.93022
2612,12798,-2874,0.92733
2614,12815,-2854,0.94171
2616,12832,-2834.1,0.9085
2618,12849,-2814.2,0.92725
2620,12866,-2794.3,0.94139
2622,12883,-2774.5,0.92484
2624,12900,-2754.7,0.93162
2626,12917,-2735,0.94108
2628,12934,-2715.2,0.94001
2630,12951,-2695.5,0.92943
2632,12968,-2675.9,0.90338
2634,12985,-2656.2,0.93329
2636,13002,-2636.6,0.93037
2638,13018,-2617.1,0.91493
2640,13035,-2597.6,0.93918
2642,13052,-2578.1,0.92255
2644,13069,-2558.6,0.94411
2646,13086,-2539.2,0.92218
2648,13103,-2519.8,0.9392
2650,13119,-2500.5,0.91903
2652,13136,-2481.2,0.9424
2654,13153,-2462,0.92801
2656,13170,-2442.8,0.93007
2658,13186,-2423.6,0.9108
2660,13203,-2404.5,0.93393
2662,13220,-2385.4,0.93484
2664,13237,-2366.4,0.93027
2666,13253,-2347.4,0.93204
2668,13270,-2328.4,0.94042
2670,13287,-2309.5,0.94143
2672,13303,-2290.6,0.93157
2674,13320,-2271.8,0.95042
2676,13337,-2253,0.92184
2678,13353,-2234.3,0.92841
2680,13370,-2215.7,0.94369
2682,13386,-2197,0.93294
2684,13403,-2178.4,0.9328
2686,13419,-2159.9,0.92558
2688,13436,-2141.4,0.91612
2690,13452,-2123,0.9445
2692,13469,-2104.6,0.91259
2694,13485,-2086.3,0.93637
2696,13502,-2068,0.94098
2698,13518,-2049.8,0.92944
2700,13535,-2031.6,0.90903
2702,13551,-2013.5,0.92038
2704,13567,-1995.5,0.93582
2706,13584,-1977.5,0.9205
2708,13600,-1959.5,0.9411
2710,13616,-1941.6,0.93722
2712,13633,-1923.8,0.92507
2714,13649,-1906,0.92009
2716,13665,-1888.3,0.93103
2718,13682,-1870.6,0.92887
2720,13698,-1853,0.92904
2722,13714,-1835.4,0.94067
2724,13730,-1817.9,0.93359
2726,13746,-1800.5,0.94491
2728,13763,-1783.1,0.91412
2730,13779,-1765.8,0.91754
2732,13795,-1748.6,0.93942
2734,13811,-1731.4,0.91373
2736,13827,-1714.3,0.91994
2738,13843,-1697.2,0.91905
2740,13859,-1680.2,0.93085
2742,13875,-1663.3,0.92712
2744,13891,-1646.4,0.93944
2746,13907,-1629.6,0.9377
2748,13923,-1612.8,0.93447
2750,13939,-1596.2,0.91874
2752,13955,-1579.6,0.92096
2754,13971,-1563,0.92469
2756,13987,-1546.5,0.91738
2758,14002,-1530.1,0.91384
2760,14018,-1513.8,0.91734
2762,14034,-1497.5,0.91927
2764,14050,-1481.3,0.93332
2766,14066,-1465.2,0.93145
2768,14081,-1449.1,0.92197
2770,14097,-1433.1,0.91769
2772,14113,-1417.2,0.92713
2774,14128,-1401.4,0.92564
2776,14144,-1385.6,0.91855
2778,14160,-1369.9,0.92354
2780,14175,-1354.3,0.93685
2782,14191,-1338.7,0.92261
2784,14206,-1323.2,0.94364
2786,14222,-1307.8,0.93711
2788,14237,-1292.5,0.93448
2790,14253,-1277.2,0.92992
2792,14268,-1262,0.91229
2794,14284,-1246.9,0.91866
2796,14299,-1231.9,0.9277
2798,14315,-1217,0.937
2800,14330,-1202.1,0.93337
2802,14345,-1187.3,0.93293
2804,14361,-1172.6,0.92135
2806,14376,-1157.9,0.91698
2808,14391,-1143.4,0.92996
2810,14406,-1128.9,0.92088
2812,14421,-1114.5,0.91948
2814,14437,-1100.2,0.92147
2816,14452,-1085.9,0.939
2818,14467,-1071.8,0.93581
2820,14482,-1057.7,0.92791
2822,14497,-1043.7,0.92719
2824,14512,-1029.8,0.93314
2826,14527,-1016,0.9295
2828,14542,-1002.2,0.91822
2830,14557,-988.59,0.9188
2832,14572,-975.02,0.9244
2834,14587,-961.53,0.94224
2836,14602,-948.13,0.92706
2838,14617,-934.82,0.93201
2840,14631,-921.59,0.92434
2842,14646,-908.45,0.93691
2844,14661,-895.39,0.93082
2846,14676,-882.42,0.92982
2848,14690,-869.54,0.91419
2850,14705,-856.75,0.93293
2852,14720,-844.05,0.9215
2854,14734,-831.43,0.94013
2856,14749,-818.91,0.92818
2858,14763,-806.47,0.92787
2860,14778,-794.13,0.9208
2862,14792,-781.87,0.93363
2864,14807,-769.71,0.9194
2866,14821,-757.64,0.94226
2868,14836,-745.66,0.94217
2870,14850,-733.77,0.94783
2872,14864,-721.98,0.91694
2874,14879,-710.28,0.92681
2876,14893,-698.67,0.91446
2878,14907,-687.15,0.93546
2880,14921,-675.73,0.92301
2882,14936,-664.4,0.92295
2884,14950,-653.17,0.92672
2886,14964,-642.03,0.93349
2888,14978,-630.99,0.92168
2890,14992,-620.05,0.91576
2892,15006,-609.2,0.94139
2894,15020,-598.44,0.94927
2896,15034,-587.79,0.93776
2898,15048,-577.23,0.92459
2900,15062,-566.76,0.92229
2902,15076,-556.4,0.9264
2904,15090,-546.13,0.91113
2906,15104,-535.97,0.9329
2908,15117,-525.9,0.91072
2910,15131,-515.93,0.92927
2912,15145,-506.06,0.93744
2914,15159,-496.29,0.9276
2916,15172,-486.62,0.93524
2918,15186,-477.05,0.9225
2920,15199,-467.58,0.93792
2922,15213,-458.21,0.93685
2924,15227,-448.95,0.94353
2926,15240,-439.78,0.92167
2928,15253,-430.72,0.92001
2930,15267,-421.76,0.92773
2932,15280,-412.9,0.92928
2934,15294,-404.15,0.9069
2936,15307,-395.5,0.91761
2938,15320,-386.95,0.94091
2940,15334,-378.51,0.92689
2942,15347,-370.17,0.9302
2944,15360,-361.93,0.93135
2946,15373,-353.8,0.92941
2948,15386,-345.78,0.95008
2950,15399,-337.86,0.92432
2952,15412,-330.04,0.93975
2954,15425,-322.33,0.91469
2956,15438,-314.73,0.94212
2958,15451,-307.23,0.9124
2960,15464,-299.84,0.92109
2962,15477,-292.56,0.94052
2964,15490,-285.38,0.92629
2966,15503,-278.31,0.93765
2968,15516,-271.35,0.92055
2970,15528,-264.5,0.93897
2972,15541,-257.75,0.92959
2974,15554,-251.11,0.92443
2976,15566,-244.59,0.93641
2978,15579,-238.17,0.9227
2980,15591,-231.86,0.93015
2982,15604,-225.65,0.92197
2984,15616,-219.56,0.93105
2986,15629,-213.58,0.9308
2988,15641,-207.71,0.93283
2990,15654,-201.95,0.92266
2992,15666,-196.3,0.9206
2994,15678,-190.76,0.92949
2996,15691,-185.33,0.93014
2998,15703,-180.01,0.92475
3000,15715,-174.8,0.92767
3002,15727,-169.7,0.93446
3004,15739,-164.72,0.93252
3006,15752,-159.85,0.93864
3008,15764,-155.09,0.9416
3010,15776,-150.44,0.92233
3012,15788,-145.9,0.91182
3014,15800,-141.48,0.9136
3016,15811,-137.17,0.92106
3018,15823,-132.98,0.933
3020,15835,-128.89,0.91622
3022,15847,-124.92,0.93442
3024,15859,-121.07,0.92266
3026,15871,-117.32,0.94199
3028,15882,-113.7,0.91932
3030,15894,-110.18,0.93708
3032,15905,-106.78,0.92377
3034,15917,-103.5,0.93384
3036,15929,-100.32,0.92297
3038,15940,-97.268,0.93665
3040,15952,-94.327,0.92314
3042,15963,-91.5,0.94057
3044,15974,-88.789,0.94462
3046,15986,-86.194,0.91369
3048,15997,-83.713,0.9343
3050,16008,-81.349,0.9349
3052,16020,-79.1,0.92685
3054,16031,-76.967,0.91475
3056,16042,-74.95,0.93907
3058,16053,-73.049,0.90782
3060,16064,-71.265,0.92814
3062,16075,-69.597,0.94572
3064,16086,-68.046,0.93316
3066,16097,-66.611,0.92963
3068,16108,-65.293,0.92469
3070,16119,-64.092,0.92163
3072,16130,-63.007,0.93175
3074,16141,-62.04,0.9423
3076,16152,-61.19,0.95646
3078,16162,-60.458,0.92768
3080,16173,-59.843,0.93772
3082,16184,-59.345,0.92917
3084,16194,-58.965,0.93553
3086,16205,-58.702,0.93943
3088,16216,-58.557,0.91628
3090,16226,-58.53,0.93643
3092,16237,-58.621,0.9247
3094,16247,-58.83,0.93519
3096,16257,-59.157,0.93706
3098,16268,-59.602,0.91471
3100,16278,-60.165,0.92173
3102,16288,-60.847,0.92194
3104,16299,-61.646,0.93367
3106,16309,-62.564,0.93284
3108,16319,-63.601,0.93746
3110,16329,-64.756,0.93688
3112,16339,-66.029,0.94624
3114,16349,-67.421,0.93094
3116,16359,-68.932,0.93192
3118,16369,-70.561,0.93005
3120,16379,-72.309,0.93487
3122,16389,-74.176,0.92134
3124,16399,-76.161,0.92499
3126,16409,-78.266,0.93614
3128,16419,-80.489,0.9309
3130,16428,-82.83,0.91885
3132,16438,-85.291,0.94556
3134,16448,-87.87,0.93163
3136,16458,-90.569,0.92695
3138,16467,-93.386,0.92369
3140,16477,-96.322,0.93326
3142,16486,-99.377,0.9314
3144,16496,-102.55,0.93269
3146,16505,-105.84,0.93287
3148,16515,-109.25,0.92705
3150,16524,-112.79,0.92307
3152,16533,-116.43,0.92702
3154,16543,-120.2,0.91938
3156,16552,-124.09,0.91525
3158,16561,-128.1,0.93083
3160,16570,-132.22,0.92261
3162,16579,-136.46,0.94969
3164,16588,-140.83,0.90906
3166,16597,-145.31,0.94828
3168,16606,-149.91,0.94403
3170,16615,-154.62,0.93253
3172,16624,-159.46,0.92436
3174,16633,-164.42,0.91669
3176,16642,-169.49,0.94045
3178,16651,-174.68,0.93129
3180,16660,-179.99,0.92994
3182,16669,-185.42,0.94795
3184,16677,-190.97,0.94689
3186,16686,-196.63,0.93941
3188,16695,-202.42,0.91314
3190,16703,-208.32,0.93941
3192,16712,-214.34,0.94301
3194,16720,-220.47,0.92359
3196,16729,-226.73,0.92222
3198,16737,-233.1,0.93743
3200,16746,-239.59,0.91623
3202,16754,-246.2,0.9361
3204,16762,-252.93,0.92445
3206,16771,-259.77,0.94341
3208,16779,-266.73,0.92261
3210,16787,-273.81,0.94432
3212,16795,-281.01,0.92427
3214,16803,-288.32,0.9441
3216,16811,-295.75,0.92269
3218,16819,-303.29,0.91892
3220,16828,-310.96,0.93492
3222,16835,-318.73,0.93752
3224,16843,-326.63,0.94704
3226,16851,-334.64,0.94107
3228,16859,-342.77,0.93305
3230,16867,-351.02,0.92845
3232,16875,-359.38,0.94051
3234,16883,-367.85,0.91842
3236,16890,-376.44,0.92616
3238,16898,-385.15,0.93901
3240,16906,-393.98,0.93421
3242,16913,-402.91,0.94621
3244,16921,-411.97,0.94946
3246,16928,-421.14,0.93665
3248,16936,-430.42,0.95499
3250,16943,-439.82,0.92511
3252,16951,-449.33,0.92249
3254,16958,-458.96,0.95342
3256,16966,-468.7,0.92056
3258,16973,-478.55,0.92735
3260,16980,-488.52,0.9303
3262,16987,-498.61,0.94054
3264,16995,-508.8,0.93916
3266,17002,-519.11,0.95607
3268,17009,-529.53,0.93244
3270,17016,-540.07,0.94399
3272,17023,-550.72,0.94095
3274,17030,-561.48,0.94108
3276,17037,-572.35,0.94894
3278,17044,-583.34,0.93618
3280,17051,-594.44,0.94859
3282,17058,-605.65,0.94578
3284,17065,-616.97,0.92193
3286,17071,-628.4,0.94797
3288,17078,-639.95,0.92941
3290,17085,-651.6,0.93443
3292,17092,-663.37,0.96077
3294,17098,-675.25,0.93287
3296,17105,-687.23,0.93279
3298,17111,-699.33,0.94957
3300,17118,-711.54,0.93625
3302,17124,-723.85,0.93646
3304,17131,-736.28,0.93052
3306,17137,-748.81,0.94462
3308,17144,-761.46,0.94131
3310,17150,-774.21,0.93012
3312,17156,-787.07,0.93535
3314,17163,-800.04,0.93134
3316,17169,-813.12,0.93096
3318,17175,-826.31,0.94172
3320,17181,-839.6,0.94641
3322,17188,-853,0.9575
3324,17194,-866.51,0.94982
3326,17200,-880.12,0.94218
3328,17206,-893.84,0.93643
3330,17212,-907.67,0.92176
3332,17218,-921.6,0.91436
3334,17224,-935.64,0.94062
3336,17230,-949.78,0.94886
3338,17236,-964.03,0.95853
3340,17242,-978.39,0.94062
3342,17247,-992.84,0.93262
3344,17253,-1007.4,0.93325
3346,17259,-1022.1,0.94555
3348,17265,-1036.8,0.96339
3350,17270,-1051.7,0.94197
3352,17276,-1066.7,0.92916
3354,17282,-1081.8,0.92815
3356,17287,-1097,0.95653
3358,17293,-1112.2,0.94357
3360,17298,-1127.6,0.94128
3362,17304,-1143.1,0.93966
3364,17309,-1158.7,0.9458
3366,17315,-1174.4,0.94044
3368,17320,-1190.2,0.93616
3370,17325,-1206.1,0.94477
3372,17331,-1222.1,0.93927
3374,17336,-1238.2,0.95598
3376,17341,-1254.3,0.95141
3378,17346,-1270.6,0.95729
3380,17352,-1287,0.94131
3382,17357,-1303.5,0.94174
3384,17362,-1320.1,0.95043
3386,17367,-1336.8,0.93612
3388,17372,-1353.6,0.95565
3390,17377,-1370.4,0.95186
3392,17382,-1387.4,0.94381
3394,17387,-1404.5,0.94019
3396,17392,-1421.6,0.92835
3398,17397,-1438.9,0.93082
3400,17402,-1456.3,0.93818
3402,17407,-1473.7,0.95563
3404,17411,-1491.3,0.95367
3406,17416,-1508.9,0.95208
3408,17421,-1526.6,0.93927
3410,17426,-1544.5,0.94688
3412,17430,-1562.4,0.95881
3414,17435,-1580.4,0.94785
3416,17440,-1598.5,0.93938
3418,17444,-1616.7,0.92579
3420,17449,-1635,0.95207
3422,17453,-1653.4,0.94509
3424,17458,-1671.8,0.9429
3426,17462,-1690.4,0.92537
3428,17467,-1709,0.94694
3430,17471,-1727.8,0.9491
3432,17476,-1746.6,0.96082
3434,17480,-1765.5,0.96166
3436,17484,-1784.5,0.94917
3438,17489,-1803.6,0.94624
3440,17493,-1822.8,0.95526
3442,17497,-1842.1,0.94719
3444,17501,-1861.5,0.95506
3446,17506,-1880.9,0.95696
3448,17510,-1900.4,0.94026
3450,17514,-1920,0.95033
3452,17518,-1939.7,0.95348
3454,17522,-1959.5,0.94459
3456,17526,-1979.4,0.9302
3458,17530,-1999.4,0.95745
3460,17534,-2019.4,0.92912
3462,17538,-2039.5,0.96347
3464,17542,-2059.7,0.95656
3466,17546,-2080,0.97237
3468,17550,-2100.4,0.96075
3470,17554,-2120.8,0.95006
3472,17558,-2141.4,0.94156
3474,17561,-2162,0.9601
3476,17565,-2182.7,0.9355
3478,17569,-2203.4,0.95237
3480,17573,-2224.3,0.94986
3482,17576,-2245.2,0.94307
3484,17580,-2266.2,0.96507
3486,17584,-2287.3,0.95646
3488,17587,-2308.5,0.95296
3490,17591,-2329.7,0.94361
3492,17595,-2351,0.97285
3494,17598,-2372.4,0.94664
3496,17602,-2393.9,0.95516
3498,17605,-2415.4,0.93968
3500,17609,-2437.1,0.94617
3502,17612,-2458.8,0.94173
3504,17616,-2480.5,0.946
3506,17619,-2502.4,0.94074
3508,17622,-2524.3,0.96609
3510,17626,-2546.3,0.96523
3512,17629,-2568.3,0.95135
3514,17633,-2590.4,0.97386
3516,17636,-2612.6,0.93571
3518,17639,-2634.9,0.9556
3520,17642,-2657.3,0.95778
3522,17646,-2679.7,0.96254
3524,17649,-2702.1,0.957
3526,17652,-2724.7,0.94583
3528,17655,-2747.3,0.957
3530,17658,-2770,0.97705
3532,17661,-2792.7,0.94891
3534,17665,-2815.6,0.95276
3536,17668,-2838.4,0.94137
3538,17671,-2861.4,0.954
3540,17674,-2884.4,0.96411
3542,17677,-2907.5,0.97651
3544,17680,-2930.6,0.94267
3546,17683,-2953.8,0.96422
3548,17686,-2977.1,0.96224
3550,17689,-3000.4,0.95852
3552,17691,-3023.8,0.96073
3554,17694,-3047.3,0.96084
3556,17697,-3070.8,0.96452
3558,17700,-3094.4,0.93474
3560,17703,-3118,0.94913
3562,17706,-3141.7,0.95202
3564,17709,-3165.5,0.96734
3566,17711,-3189.3,0.94542
3568,17714,-3213.1,0.95445
3570,17717,-3237.1,0.95686
3572,17720,-3261.1,0.98378
3574,17722,-3285.1,0.96628
3576,17725,-3309.2,0.95449
3578,17728,-3333.4,0.95323
3580,17730,-3357.6,0.95617
3582,17733,-3381.8,0.94914
3584,17735,-3406.2,0.96307
3586,17738,-3430.5,0.96395
3588,17741,-3454.9,0.95322
3590,17743,-3479.4,0.97176
3592,17746,-3503.9,0.97107
3594,17748,-3528.5,0.95604
3596,17751,-3553.2,0.95199
3598,17753,-3577.8,0.97175
3600,17756,-3602.6,0.9573
