0,0,0,0.79308
2,10,25,0.78105
4,20,49.999,0.78136
6,30,74.997,0.79111
8,40,99.993,0.78284
10,50,124.99,0.79565
12,60,149.98,0.7677
14,70,174.96,0.76885
16,80,199.95,0.78639
18,90,224.92,0.77839
20,100,249.9,0.79475
22,110,274.86,0.7822
24,120,299.82,0.80324
26,130,324.77,0.78059
28,140,349.71,0.78311
30,150,374.65,0.78899
32,160,399.57,0.7832
34,170,424.49,0.78079
36,180,449.39,0.80891
38,190,474.29,0.79134
40,200,499.17,0.77496
42,210,524.04,0.7922
44,220,548.89,0.77309
46,230,573.73,0.79165
48,240,598.56,0.77452
50,250,623.37,0.75949
52,260,648.17,0.77389
54,270,672.95,0.79177
56,280,697.72,0.77136
58,290,722.46,0.76529
60,300,747.19,0.78746
62,310,771.9,0.76709
64,320,796.59,0.78404
66,330,821.26,0.76257
68,340,845.91,0.77963
70,350,870.54,0.78349
72,360,895.15,0.76447
74,370,919.73,0.77863
76,380,944.29,0.7703
78,390,968.83,0.77299
80,400,993.35,0.78065
82,410,1017.8,0.77675
84,420,1042.3,0.76531
86,430,1066.7,0.77564
88,440,1091.1,0.77303
90,450,1115.5,0.77534
92,460,1139.9,0.77331
94,470,1164.2,0.77655
96,480,1188.5,0.75534
98,490,1212.8,0.76622
100,500,1237,0.78275
102,510,1261.2,0.7669
104,520,1285.4,0.7628
106,530,1309.5,0.76979
108,540,1333.7,0.76927
110,550,1357.7,0.76654
112,560,1381.8,0.76512
114,570,1405.8,0.75824
116,580,1429.8,0.74866
118,590,1453.7,0.75907
120,600,1477.6,0.75948
122,610,1501.5,0.7628
124,620,1525.3,0.78304
126,630,1549.1,0.77241
128,640,1572.8,0.76682
130,650,1596.5,0.75814
132,660,1620.2,0.75614
134,670,1643.8,0.76565
136,680,1667.4,0.77438
138,690,1691,0.74481
140,700,1714.5,0.76804
142,710,1738,0.75034
144,720,1761.4,0.75734
146,730,1784.7,0.74337
148,740,1808.1,0.7698
150,750,1831.4,0.76891
152,760,1854.6,0.77135
154,770,1877.8,0.75957
156,780,1900.9,0.77443
158,790,1924,0.74874
160,800,1947.1,0.75442
162,810,1970.1,0.7594
164,820,1993,0.76171
166,830,2015.9,0.76281
168,840,2038.8,0.76637
170,850,2061.6,0.76777
172,860,2084.4,0.76081
174,870,2107.1,0.76151
176,880,2129.7,0.77881
178,890,2152.3,0.75153
180,900,2174.8,0.75825
182,910,2197.3,0.76242
184,920,2219.7,0.75916
186,930,2242.1,0.77364
188,940,2264.4,0.7548
190,950,2286.7,0.7545
192,960,2308.9,0.74974
194,970,2331,0.77084
196,980,2353.1,0.76135
198,990,2375.2,0.75881
200,1000,2397.1,0.77075
202,1010,2419,0.75679
204,1020,2440.9,0.74523
206,1030,2462.7,0.75904
208,1040,2484.4,0.75529
210,1050,2506.1,0.74297
212,1060,2527.7,0.75836
214,1070,2549.2,0.75394
216,1080,2570.7,0.74828
218,1090,2592.1,0.75404
220,1100,2613.4,0.75744
222,1110,2634.7,0.76705
224,1120,2655.9,0.76072
226,1130,2677.1,0.76479
228,1140,2698.2,0.75135
230,1150,2719.2,0.74987
232,1160,2740.1,0.75604
234,1170,2761,0.77458
236,1180,2781.8,0.7427
238,1190,2802.5,0.74515
240,1200,2823.2,0.75211
242,1210,2843.8,0.74878
244,1220,2864.3,0.74912
246,1230,2884.8,0.75719
248,1240,2905.2,0.75733
250,1250,2925.5,0.74913
252,1260,2945.7,0.75226
254,1270,2965.9,0.73867
256,1280,2986,0.75347
258,1290,3006,0.74821
260,1300,3025.9,0.74446
262,1310,3045.8,0.76774
264,1320,3065.6,0.7667
266,1330,3085.3,0.7414
268,1340,3104.9,0.73755
270,1350,3124.5,0.73659
272,1360,3144,0.74289
274,1370,3163.4,0.73523
276,1380,3182.7,0.75848
278,1390,3201.9,0.77248
280,1400,3221.1,0.75137
282,1410,3240.2,0.74505
284,1420,3259.2,0.76389
286,1430,3278.1,0.75149
288,1440,3296.9,0.73905
290,1450,3315.7,0.7455
292,1460,3334.3,0.74963
294,1470,3352.9,0.75242
296,1480,3371.4,0.75159
298,1490,3389.9,0.76262
300,1500,3408.2,0.74636
302,1510,3426.4,0.75123
304,1520,3444.6,0.75648
306,1530,3462.7,0.74895
308,1540,3480.7,0.72535
310,1550,3498.6,0.72963
312,1560,3516.4,0.76005
314,1570,3534.1,0.75975
316,1580,3551.8,0.74795
318,1590,3569.3,0.73768
320,1600,3586.8,0.72399
322,1610,3604.2,0.7418
324,1620,3621.4,0.73176
326,1630,3638.6,0.74893
328,1640,3655.7,0.73236
330,1650,3672.7,0.74513
332,1660,3689.7,0.74711
334,1670,3706.5,0.73973
336,1680,3723.2,0.73617
338,1690,3739.9,0.737
340,1700,3756.4,0.73819
342,1710,3772.9,0.74344
344,1720,3789.2,0.74237
346,1730,3805.5,0.73181
348,1740,3821.6,0.74628
350,1750,3837.7,0.73341
352,1760,3853.7,0.73178
354,1770,3869.6,0.72434
356,1780,3885.4,0.72521
358,1790,3901,0.73611
360,1800,3916.6,0.74588
362,1810,3932.1,0.74908
364,1820,3947.5,0.73616
366,1830,3962.8,0.75087
368,1840,3978,0.73848
370,1850,3993.1,0.75443
372,1860,4008.1,0.73861
374,1870,4023,0.75115
376,1880,4037.8,0.74631
378,1890,4052.5,0.74833
380,1900,4067.1,0.74152
382,1910,4081.6,0.73947
384,1920,4096,0.73506
386,1930,4110.2,0.73934
388,1940,4124.4,0.77024
390,1950,4138.5,0.71702
392,1960,4152.5,0.73017
394,1970,4166.4,0.74444
396,1980,4180.1,0.74408
398,1990,4193.8,0.73451
400,2000,4207.4,0.75234
402,2010,4220.8,0.74554
404,2020,4234.2,0.7462
406,2030,4247.4,0.75144
408,2040,4260.5,0.72973
410,2050,4273.6,0.74119
412,2060,4286.5,0.73295
414,2070,4299.3,0.73782
416,2080,4312,0.74237
418,2090,4324.6,0.73159
420,2100,4337.1,0.73389
422,2110,4349.5,0.74348
424,2120,4361.8,0.73819
426,2130,4373.9,0.72417
428,2140,4386,0.74257
430,2150,4398,0.73506
432,2160,4409.8,0.72482
434,2170,4421.5,0.73905
436,2180,4433.1,0.75928
438,2190,4444.6,0.7458
440,2200,4456,0.72264
442,2210,4467.3,0.72783
444,2220,4478.5,0.73652
446,2230,4489.6,0.72943
448,2240,4500.5,0.74722
450,2250,4511.3,0.74041
452,2260,4522.1,0.75327
454,2270,4532.7,0.73676
456,2280,4543.2,0.74226
458,2290,4553.6,0.73229
460,2300,4563.8,0.72365
462,2310,4574,0.72411
464,2320,4584,0.73385
466,2330,4593.9,0.71291
468,2340,4603.8,0.73315
470,2350,4613.4,0.73225
472,2360,4623,0.72953
474,2370,4632.5,0.72738
476,2380,4641.8,0.73053
478,2390,4651.1,0.72175
480,2400,4660.2,0.7278
482,2410,4669.2,0.73448
484,2420,4678.1,0.72936
486,2430,4686.8,0.74226
488,2440,4695.5,0.74478
490,2450,4704,0.72816
492,2460,4712.4,0.72807
494,2470,4720.7,0.73879
496,2480,4728.9,0.7089
498,2490,4737,0.73759
500,2500,4744.9,0.72178
502,2510,4752.7,0.73627
504,2520,4760.5,0.73905
506,2530,4768,0.73737
508,2540,4775.5,0.72734
510,2550,4782.9,0.73592
512,2560,4790.1,0.71327
514,2570,4797.2,0.7481
516,2580,4804.2,0.71634
518,2590,4811,0.73534
520,2600,4817.8,0.72306
522,2610,4824.4,0.71543
524,2620,4830.9,0.73851
526,2630,4837.3,0.72879
528,2640,4843.6,0.72057
530,2650,4849.7,0.71904
532,2660,4855.7,0.72747
534,2670,4861.6,0.75112
536,2680,4867.4,0.73076
538,2690,4873.1,0.73815
540,2700,4878.6,0.72599
542,2710,4884,0.71776
544,2720,4889.3,0.73186
546,2730,4894.5,0.74667
548,2740,4899.5,0.72227
550,2750,4904.5,0.72721
552,2760,4909.3,0.73739
554,2770,4913.9,0.74375
556,2780,4918.5,0.74202
558,2790,4922.9,0.71439
560,2800,4927.2,0.73772
562,2810,4931.4,0.73165
564,2820,4935.5,0.73457
566,2830,4939.4,0.73181
568,2840,4943.3,0.71941
570,2850,4947,0.73874
572,2860,4950.5,0.72764
574,2870,4954,0.72769
576,2880,4957.3,0.73892
578,2890,4960.5,0.7339
580,2900,4963.6,0.71708
582,2910,4966.5,0.73393
584,2920,4969.3,0.7196
586,2930,4972,0.7261
588,2940,4974.6,0.72342
590,2950,4977.1,0.73636
592,2960,4979.4,0.73415
594,2970,4981.6,0.74672
596,2980,4983.7,0.73152
598,2990,4985.6,0.73908
600,3000,4987.5,0.72946
602,3010,4989.2,0.74269
604,3020,4990.8,0.73784
606,3030,4992.2,0.73466
608,3040,4993.6,0.72507
610,3050,4994.8,0.74476
612,3060,4995.8,0.7276
614,3070,4996.8,0.72732
616,3080,4997.6,0.72693
618,3090,4998.3,0.72973
620,3100,4998.9,0.71554
622,3110,4999.4,0.7403
624,3120,4999.7,0.71748
626,3130,4999.9,0.72689
628,3140,5000,0.74357
630,3150,5000,0.75015
632,3160,4999.8,0.73087
634,3170,4999.5,0.73172
636,3180,4999.1,0.73506
638,3190,4998.5,0.72848
640,3200,4997.9,0.74346
642,3210,4997.1,0.74271
644,3220,4996.2,0.74125
646,3230,4995.1,0.72996
648,3240,4993.9,0.72845
650,3250,4992.7,0.7235
652,3260,4991.2,0.7299
654,3270,4989.7,0.72659
656,3280,4988,0.73467
658,3290,4986.2,0.73849
660,3300,4984.3,0.74797
662,3310,4982.3,0.72682
664,3320,4980.1,0.73235
666,3330,4977.8,0.72865
668,3340,4975.4,0.75594
670,3350,4972.9,0.7416
672,3360,4970.2,0.73148
674,3370,4967.4,0.74266
676,3380,4964.5,0.73202
678,3390,4961.5,0.7268
680,3400,4958.3,0.73834
682,3410,4955,0.72539
684,3420,4951.6,0.73293
686,3430,4948.1,0.71765
688,3440,4944.4,0.73358
690,3450,4940.7,0.71711
692,3460,4936.8,0.72699
694,3470,4932.7,0.75519
696,3480,4928.6,0.74079
698,3490,4924.3,0.71807
700,3500,4919.9,0.71905
702,3510,4915.4,0.73166
704,3520,4910.8,0.73898
706,3530,4906,0.72138
708,3540,4901.1,0.75366
710,3550,4896.1,0.74762
712,3560,4891,0.73172
714,3570,4885.7,0.74791
716,3580,4880.4,0.73956
718,3590,4874.9,0.73168
720,3600,4869.2,0.72527
722,3610,4863.5,0.742
724,3620,4857.6,0.71889
726,3630,4851.7,0.71809
728,3640,4845.5,0.73014
730,3650,4839.3,0.73896
732,3660,4833,0.7357
734,3670,4826.5,0.74273
736,3680,4819.9,0.72679
738,3690,4813.2,0.72951
740,3700,4806.4,0.72295
742,3710,4799.4,0.73008
744,3720,4792.4,0.71981
746,3730,4785.2,0.74573
748,3740,4777.9,0.736
750,3750,4770.4,0.73617
752,3760,4762.9,0.73313
754,3770,4755.2,0.73788
756,3780,4747.4,0.73387
758,3790,4739.5,0.71853
760,3800,4731.5,0.72975
762,3810,4723.4,0.72897
764,3820,4715.1,0.73566
766,3830,4706.7,0.73854
768,3840,4698.2,0.7454
770,3850,4689.6,0.73304
772,3860,4680.9,0.74227
774,3870,4672,0.74193
776,3880,4663.1,0.75052
778,3890,4654,0.72646
780,3900,4644.8,0.7228
782,3910,4635.5,0.72863
784,3920,4626.1,0.72561
786,3930,4616.5,0.75424
788,3940,4606.9,0.74025
790,3950,4597.1,0.74364
792,3960,4587.2,0.73213
794,3970,4577.2,0.73944
796,3980,4567.1,0.73372
798,3990,4556.8,0.75008
800,4000,4546.5,0.72609
802,4010,4536,0.73405
804,4020,4525.5,0.72694
806,4030,4514.8,0.74499
808,4040,4504,0.7402
810,4050,4493.1,0.73714
812,4060,4482,0.73182
814,4070,4470.9,0.73725
816,4080,4459.6,0.74297
818,4090,4448.3,0.7523
820,4100,4436.8,0.73032
822,4110,4425.2,0.74789
824,4120,4413.5,0.74531
826,4130,4401.7,0.74214
828,4140,4389.8,0.71789
830,4150,4377.8,0.7452
832,4160,4365.7,0.74053
834,4170,4353.4,0.72756
836,4180,4341.1,0.74782
838,4190,4328.6,0.71821
840,4200,4316,0.74205
842,4210,4303.4,0.72574
844,4220,4290.6,0.74214
846,4230,4277.7,0.74353
848,4240,4264.7,0.73021
850,4250,4251.6,0.74424
852,4260,4238.4,0.74393
854,4270,4225.1,0.73719
856,4280,4211.7,0.74812
858,4290,4198.1,0.73491
860,4300,4184.5,0.74626
862,4310,4170.8,0.73922
864,4320,4156.9,0.74479
866,4330,4143,0.73933
868,4340,4128.9,0.74863
870,4350,4114.8,0.74263
872,4360,4100.5,0.74657
874,4370,4086.2,0.75059
876,4380,4071.7,0.74587
878,4390,4057.1,0.76091
880,4400,4042.5,0.74903
882,4410,4027.7,0.71737
884,4420,4012.9,0.75651
886,4430,3997.9,0.74371
888,4440,3982.8,0.73523
890,4450,3967.7,0.73611
892,4460,3952.4,0.73024
894,4470,3937,0.74006
896,4480,3921.6,0.73632
898,4490,3906,0.74149
900,4500,3890.4,0.74235
902,4510,3874.6,0.73205
904,4520,3858.8,0.73825
906,4530,3842.8,0.75039
908,4540,3826.8,0.74918
910,4550,3810.6,0.74945
912,4560,3794.4,0.74589
914,4570,3778.1,0.74673
916,4580,3761.7,0.75095
918,4590,3745.1,0.72841
920,4600,3728.5,0.74919
922,4610,3711.8,0.75305
924,4620,3695,0.76444
926,4630,3678.1,0.73584
928,4640,3661.2,0.7529
930,4650,3644.1,0.7554
932,4660,3626.9,0.74518
934,4670,3609.7,0.74015
936,4680,3592.3,0.73054
938,4690,3574.9,0.74797
940,4700,3557.4,0.74165
942,4710,3539.8,0.75581
944,4720,3522.1,0.75229
946,4730,3504.3,0.73554
948,4740,3486.4,0.75127
950,4750,3468.4,0.74397
952,4760,3450.4,0.73944
954,4770,3432.2,0.73643
956,4780,3414,0.74802
958,4790,3395.7,0.74446
960,4800,3377.3,0.74447
962,4810,3358.8,0.75648
964,4820,3340.3,0.7317
966,4830,3321.6,0.73522
968,4840,3302.9,0.73931
970,4850,3284.1,0.75408
972,4860,3265.2,0.75056
974,4870,3246.2,0.73988
976,4880,3227.2,0.74228
978,4890,3208,0.76381
980,4900,3188.8,0.74985
982,4910,3169.5,0.75489
984,4920,3150.2,0.72941
986,4930,3130.7,0.74755
988,4940,3111.2,0.74822
990,4950,3091.6,0.74367
992,4960,3071.9,0.75418
994,4970,3052.1,0.76053
996,4980,3032.3,0.74964
998,4990,3012.4,0.74455
1000,5000,2992.4,0.74522
1002,5010,2972.3,0.76019
1004,5020,2952.2,0.74076
1006,5030,2931.9,0.75068
1008,5040,2911.7,0.75714
1010,5050,2891.3,0.7504
1012,5060,2870.9,0.73774
1014,5070,2850.4,0.75524
1016,5080,2829.8,0.75093
1018,5090,2809.1,0.7478
1020,5100,2788.4,0.76861
1022,5110,2767.6,0.73737
1024,5120,2746.8,0.74263
1026,5130,2725.9,0.73488
1028,5140,2704.9,0.76273
1030,5150,2683.8,0.74989
1032,5160,2662.7,0.7537
1034,5170,2641.5,0.75345
1036,5180,2620.2,0.76702
1038,5190,2598.9,0.75577
1040,5200,2577.5,0.74319
1042,5210,2556.1,0.72348
1044,5220,2534.5,0.75503
1046,5230,2513,0.75737
1048,5240,2491.3,0.75404
1050,5250,2469.6,0.75818
1052,5260,2447.8,0.76051
1054,5270,2426,0.75618
1056,5280,2404.1,0.75687
1058,5290,2382.2,0.75842
1060,5300,2360.2,0.76498
1062,5310,2338.1,0.75646
1064,5320,2316,0.76065
1066,5330,2293.8,0.75989
1068,5340,2271.5,0.7401
1070,5350,2249.2,0.74243
1072,5360,2226.9,0.75607
1074,5370,2204.5,0.75496
1076,5380,2182,0.75572
1078,5390,2159.5,0.75529
1080,5400,2136.9,0.75366
1082,5410,2114.3,0.76642
1084,5420,2091.6,0.76618
1086,5430,2068.9,0.7695
1088,5440,2046.1,0.76006
1090,5450,2023.2,0.7589
1092,5460,2000.3,0.75617
1094,5470,1977.4,0.76092
1096,5480,1954.4,0.76552
1098,5490,1931.4,0.74552
1100,5500,1908.3,0.74638
1102,5510,1885.2,0.76203
1104,5520,1862,0.76626
1106,5530,1838.8,0.759
1108,5540,1815.5,0.75711
1110,5550,1792.2,0.76132
1112,5560,1768.8,0.76297
1114,5570,1745.4,0.75677
1116,5580,1722,0.75689
1118,5590,1698.5,0.76584
1120,5600,1674.9,0.76305
1122,5610,1651.4,0.76845
1124,5620,1627.7,0.77103
1126,5630,1604.1,0.75827
1128,5640,1580.4,0.75799
1130,5650,1556.7,0.75088
1132,5660,1532.9,0.7677
1134,5670,1509.1,0.77503
1136,5680,1485.2,0.76535
1138,5690,1461.3,0.77168
1140,5700,1437.4,0.75606
1142,5710,1413.4,0.75915
1144,5720,1389.4,0.74546
1146,5730,1365.4,0.76977
1148,5740,1341.3,0.7568
1150,5750,1317.2,0.75386
1152,5760,1293.1,0.75766
1154,5770,1268.9,0.75835
1156,5780,1244.7,0.75356
1158,5790,1220.5,0.7769
1160,5800,1196.2,0.76442
1162,5810,1172,0.75616
1164,5820,1147.6,0.75989
1166,5830,1123.3,0.75353
1168,5840,1098.9,0.75776
1170,5850,1074.5,0.74549
1172,5860,1050.1,0.77112
1174,5870,1025.6,0.75547
1176,5880,1001.1,0.7656
1178,5890,976.64,0.76238
1180,5900,952.11,0.78275
1182,5910,927.56,0.7615
1184,5920,902.98,0.7536
1186,5930,878.38,0.7548
1188,5940,853.76,0.75636
1190,5950,829.12,0.76458
1192,5960,804.45,0.7539
1194,5970,779.77,0.75867
1196,5980,755.06,0.76275
1198,5990,730.34,0.78816
1200,6000,705.6,0.74834
1202,6010,680.84,0.76918
1204,6020,656.07,0.76186
1206,6030,631.27,0.76077
1208,6040,606.47,0.76199
1210,6050,581.64,0.77121
1212,6060,556.81,0.75989
1214,6070,531.95,0.75518
1216,6080,507.09,0.76148
1218,6090,482.21,0.76267
1220,6100,457.32,0.77857
1222,6110,432.42,0.77423
1224,6120,407.51,0.74983
1226,6130,382.59,0.77214
1228,6140,357.66,0.74152
1230,6150,332.72,0.7658
1232,6160,307.77,0.76456
1234,6170,282.81,0.74711
1236,6180,257.85,0.7537
1238,6190,232.88,0.77249
1240,6200,207.9,0.75802
1242,6210,182.92,0.75721
1244,6220,157.94,0.75171
1246,6230,132.95,0.74936
1248,6240,107.95,0.76877
1250,6250,82.959,0.76727
1252,6260,57.962,0.75349
1254,6270,32.963,0.75507
1256,6280,7.9633,0.76906
1258,6290,-17.037,0.76476
1260,6300,-42.036,0.75521
1262,6310,-67.035,0.76326
1264,6320,-92.032,0.75673
1266,6330,-117.03,0.75903
1268,6340,-142.02,0.76157
1270,6350,-167.01,0.75427
1272,6360,-191.99,0.76912
1274,6370,-216.97,0.77431
1276,6380,-241.94,0.75251
1278,6390,-266.91,0.7722
1280,6400,-291.87,0.76331
1282,6410,-316.82,0.75652
1284,6420,-341.77,0.76744
1286,6430,-366.71,0.75701
1288,6440,-391.64,0.75826
1290,6450,-416.55,0.77275
1292,6460,-441.46,0.77398
1294,6470,-466.36,0.75004
1296,6480,-491.24,0.74836
1298,6490,-516.12,0.77972
1300,6500,-540.98,0.77991
1302,6510,-565.82,0.75498
1304,6520,-590.65,0.78157
1306,6530,-615.47,0.75125
1308,6540,-640.27,0.76381
1310,6550,-665.06,0.77942
1312,6560,-689.83,0.76536
1314,6570,-714.58,0.77448
1316,6580,-739.32,0.75817
1318,6590,-764.03,0.77801
1320,6600,-788.73,0.76436
1322,6610,-813.41,0.77427
1324,6620,-838.06,0.75894
1326,6630,-862.7,0.7457
1328,6640,-887.31,0.77337
1330,6650,-911.9,0.78202
1332,6660,-936.47,0.76081
1334,6670,-961.02,0.77465
1336,6680,-985.54,0.75985
1338,6690,-1010,0.7682
1340,6700,-1034.5,0.75508
1342,6710,-1059,0.75864
1344,6720,-1083.4,0.74824
1346,6730,-1107.8,0.77198
1348,6740,-1132.1,0.75043
1350,6750,-1156.5,0.767
1352,6760,-1180.8,0.75986
1354,6770,-1205.1,0.76121
1356,6780,-1229.3,0.7711
1358,6790,-1253.5,0.78233
1360,6800,-1277.7,0.77941
1362,6810,-1301.9,0.76456
1364,6820,-1326,0.77827
1366,6830,-1350.1,0.75957
1368,6840,-1374.1,0.75318
1370,6850,-1398.1,0.74815
1372,6860,-1422.1,0.75352
1374,6870,-1446.1,0.76295
1376,6880,-1470,0.75554
1378,6890,-1493.9,0.76477
1380,6900,-1517.7,0.76072
1382,6910,-1541.5,0.77314
1384,6920,-1565.3,0.76706
1386,6930,-1589,0.75383
1388,6940,-1612.7,0.77197
1390,6950,-1636.3,0.74565
1392,6960,-1659.9,0.76069
1394,6970,-1683.5,0.76168
1396,6980,-1707,0.75826
1398,6990,-1730.5,0.7554
1400,7000,-1753.9,0.76815
1402,7010,-1777.3,0.76192
1404,7020,-1800.7,0.76141
1406,7030,-1824,0.74773
1408,7040,-1847.2,0.7558
1410,7050,-1870.4,0.745
1412,7060,-1893.6,0.77299
1414,7070,-1916.7,0.77387
1416,7080,-1939.8,0.76123
1418,7090,-1962.8,0.74911
1420,7100,-1985.7,0.75753
1422,7110,-2008.7,0.75009
1424,7120,-2031.5,0.75933
1426,7130,-2054.3,0.76137
1428,7140,-2077.1,0.74714
1430,7150,-2099.8,0.77132
1432,7160,-2122.5,0.76878
1434,7170,-2145.1,0.75576
1436,7180,-2167.7,0.7635
1438,7190,-2190.2,0.75171
1440,7200,-2212.6,0.74983
1442,7210,-2235,0.73887
1444,7220,-2257.3,0.76576
1446,7230,-2279.6,0.74389
1448,7240,-2301.8,0.76369
1450,7250,-2324,0.74695
1452,7260,-2346.1,0.7767
1454,7270,-2368.1,0.75788
1456,7280,-2390.1,0.75481
1458,7290,-2412.1,0.76973
1460,7300,-2433.9,0.76243
1462,7310,-2455.7,0.75842
1464,7320,-2477.5,0.76816
1466,7330,-2499.2,0.75284
1468,7340,-2520.8,0.75949
1470,7350,-2542.4,0.77176
1472,7360,-2563.8,0.76731
1474,7370,-2585.3,0.74652
1476,7380,-2606.6,0.74926
1478,7390,-2627.9,0.76694
1480,7400,-2649.2,0.74073
1482,7410,-2670.4,0.7485
1484,7420,-2691.5,0.76138
1486,7430,-2712.5,0.76312
1488,7440,-2733.5,0.74123
1490,7450,-2754.4,0.75148
1492,7460,-2775.2,0.76104
1494,7470,-2795.9,0.75964
1496,7480,-2816.6,0.73385
1498,7490,-2837.3,0.75861
1500,7500,-2857.8,0.75135
1502,7510,-2878.3,0.76238
1504,7520,-2898.7,0.76688
1506,7530,-2919,0.76463
1508,7540,-2939.3,0.76245
1510,7550,-2959.5,0.75086
1512,7560,-2979.6,0.76606
1514,7570,-2999.6,0.75485
1516,7580,-3019.6,0.76989
1518,7590,-3039.5,0.74651
1520,7600,-3059.3,0.77299
1522,7610,-3079,0.75488
1524,7620,-3098.7,0.74584
1526,7630,-3118.3,0.75261
1528,7640,-3137.8,0.7782
1530,7650,-3157.2,0.73754
1532,7660,-3176.5,0.75674
1534,7670,-3195.8,0.764
1536,7680,-3215,0.74876
1538,7690,-3234.1,0.75467
1540,7700,-3253.1,0.76321
1542,7710,-3272.1,0.75268
1544,7720,-3290.9,0.75354
1546,7730,-3309.7,0.73198
1548,7740,-3328.4,0.75148
1550,7750,-3347,0.74767
1552,7760,-3365.6,0.75455
1554,7770,-3384,0.74642
1556,7780,-3402.4,0.73858
1558,7790,-3420.6,0.74783
1560,7800,-3438.8,0.75112
1562,7810,-3456.9,0.75331
1564,7820,-3475,0.74657
1566,7830,-3492.9,0.73044
1568,7840,-3510.7,0.74802
1570,7850,-3528.5,0.75541
1572,7860,-3546.2,0.74631
1574,7870,-3563.7,0.76106
1576,7880,-3581.2,0.74349
1578,7890,-3598.6,0.72716
1580,7900,-3615.9,0.74893
1582,7910,-3633.2,0.7481
1584,7920,-3650.3,0.75551
1586,7930,-3667.3,0.73585
1588,7940,-3684.3,0.74135
1590,7950,-3701.1,0.74885
1592,7960,-3717.9,0.74021
1594,7970,-3734.6,0.74011
1596,7980,-3751.1,0.73404
1598,7990,-3767.6,0.75367
1600,8000,-3784,0.75125
1602,8010,-3800.3,0.74018
1604,8020,-3816.5,0.74196
1606,8030,-3832.6,0.73597
1608,8040,-3848.6,0.75883
1610,8050,-3864.5,0.7545
1612,8060,-3880.3,0.72421
1614,8070,-3896.1,0.74592
1616,8080,-3911.7,0.72357
1618,8090,-3927.2,0.74609
1620,8100,-3942.6,0.74138
1622,8110,-3958,0.73921
1624,8120,-3973.2,0.72456
1626,8130,-3988.3,0.73794
1628,8140,-4003.3,0.72976
1630,8150,-4018.3,0.74401
1632,8160,-4033.1,0.74645
1634,8170,-4047.8,0.72649
1636,8180,-4062.4,0.73759
1638,8190,-4077,0.73748
1640,8200,-4091.4,0.74877
1642,8210,-4105.7,0.72915
1644,8220,-4119.9,0.72231
1646,8230,-4134,0.74991
1648,8240,-4148,0.73324
1650,8250,-4162,0.70718
1652,8260,-4175.8,0.74936
1654,8270,-4189.5,0.75046
1656,8280,-4203,0.75038
1658,8290,-4216.5,0.71837
1660,8300,-4229.9,0.73335
1662,8310,-4243.2,0.74885
1664,8320,-4256.4,0.72915
1666,8330,-4269.4,0.72369
1668,8340,-4282.4,0.73081
1670,8350,-4295.2,0.71627
1672,8360,-4308,0.74298
1674,8370,-4320.6,0.72234
1676,8380,-4333.1,0.7363
1678,8390,-4345.6,0.73554
1680,8400,-4357.9,0.745
1682,8410,-4370.1,0.7217
1684,8420,-4382.2,0.72324
1686,8430,-4394.2,0.73685
1688,8440,-4406,0.74814
1690,8450,-4417.8,0.72919
1692,8460,-4429.4,0.71281
1694,8470,-4441,0.72245
1696,8480,-4452.4,0.74899
1698,8490,-4463.7,0.73495
1700,8500,-4474.9,0.73057
1702,8510,-4486,0.72307
1704,8520,-4497,0.69417
1706,8530,-4507.9,0.72545
1708,8540,-4518.7,0.72524
1710,8550,-4529.3,0.71828
1712,8560,-4539.8,0.73934
1714,8570,-4550.3,0.72765
1716,8580,-4560.6,0.71767
1718,8590,-4570.8,0.70974
1720,8600,-4580.8,0.71454
1722,8610,-4590.8,0.71057
1724,8620,-4600.6,0.71767
1726,8630,-4610.4,0.70382
1728,8640,-4620,0.70824
1730,8650,-4629.5,0.71437
1732,8660,-4638.9,0.72983
1734,8670,-4648.1,0.72384
1736,8680,-4657.3,0.72515
1738,8690,-4666.3,0.71126
1740,8700,-4675.3,0.7204
1742,8710,-4684.1,0.71208
1744,8720,-4692.8,0.71933
1746,8730,-4701.3,0.70655
1748,8740,-4709.8,0.71416
1750,8750,-4718.1,0.7186
1752,8760,-4726.3,0.72639
1754,8770,-4734.4,0.71828
1756,8780,-4742.4,0.6929
1758,8790,-4750.3,0.70476
1760,8800,-4758,0.69818
1762,8810,-4765.6,0.72735
1764,8820,-4773.1,0.69916
1766,8830,-4780.5,0.68554
1768,8840,-4787.8,0.71028
1770,8850,-4794.9,0.70363
1772,8860,-4802,0.72243
1774,8870,-4808.9,0.69262
1776,8880,-4815.7,0.70251
1778,8890,-4822.3,0.71191
1780,8900,-4828.9,0.69214
1782,8910,-4835.3,0.70742
1784,8920,-4841.6,0.69647
1786,8930,-4847.8,0.68772
1788,8940,-4853.8,0.70683
1790,8950,-4859.8,0.68669
1792,8960,-4865.6,0.70608
1794,8970,-4871.3,0.69968
1796,8980,-4876.9,0.69519
1798,8990,-4882.3,0.69627
1800,9000,-4887.7,0.69346
1802,9010,-4892.9,0.6981
1804,9020,-4897.9,0.71849
1806,9030,-4902.9,0.68689
1808,9040,-4907.8,0.7082
1810,9050,-4912.5,0.70426
1812,9060,-4917.1,0.68844
1814,9070,-4921.5,0.69536
1816,9080,-4925.9,0.70731
1818,9090,-4930.1,0.70217
1820,9100,-4934.2,0.67372
1822,9110,-4938.2,0.66013
1824,9120,-4942.1,0.69413
1826,9130,-4945.8,0.70012
1828,9140,-4949.4,0.68746
1830,9150,-4952.9,0.69006
1832,9160,-4956.2,0.68983
1834,9170,-4959.5,0.70771
1836,9180,-4962.6,0.68012
1838,9190,-4965.6,0.69716
1840,9200,-4968.5,0.69042
1842,9210,-4971.2,0.68479
1844,9220,-4973.8,0.67894
1846,9230,-4976.3,0.70675
1848,9240,-4978.7,0.69744
1850,9250,-4980.9,0.69203
1852,9260,-4983,0.67897
1854,9270,-4985,0.67669
1856,9280,-4986.9,0.67519
1858,9290,-4988.7,0.684
1860,9300,-4990.3,0.67878
1862,9310,-4991.8,0.68896
1864,9320,-4993.1,0.66296
1866,9330,-4994.4,0.67215
1868,9340,-4995.5,0.68104
1870,9350,-4996.5,0.67308
1872,9360,-4997.4,0.67537
1874,9370,-4998.1,0.69568
1876,9380,-4998.7,0.69562
1878,9390,-4999.2,0.6785
1880,9400,-4999.6,0.65901
1882,9410,-4999.9,0.68334
1884,9420,-5000,0.65341
1886,9430,-5000,0.68095
1888,9440,-4999.9,0.66069
1890,9450,-4999.6,0.68609
1892,9460,-4999.2,0.66477
1894,9470,-4998.7,0.67121
1896,9480,-4998.1,0.67542
1898,9490,-4997.3,0.6692
1900,9500,-4996.5,0.68366
1902,9510,-4995.5,0.67522
1904,9520,-4994.3,0.66458
1906,9530,-4993.1,0.66649
1908,9540,-4991.7,0.6569
1910,9550,-4990.2,0.66334
1912,9560,-4988.6,0.68729
1914,9570,-4986.8,0.68881
1916,9580,-4984.9,0.6321
1918,9590,-4982.9,0.66461
1920,9600,-4980.8,0.6826
1922,9610,-4978.6,0.66784
1924,9620,-4976.2,0.66375
1926,9630,-4973.7,0.64796
1928,9640,-4971.1,0.66482
1930,9650,-4968.3,0.65562
1932,9660,-4965.5,0.64106
1934,9670,-4962.5,0.66099
1936,9680,-4959.3,0.63984
1938,9690,-4956.1,0.66277
1940,9700,-4952.7,0.66517
1942,9710,-4949.2,0.65561
1944,9720,-4945.6,0.65413
1946,9730,-4941.9,0.65883
1948,9740,-4938,0.66045
1950,9750,-4934,0.64564
1952,9760,-4929.9,0.63925
1954,9770,-4925.7,0.63875
1956,9780,-4921.3,0.64632
1958,9790,-4916.9,0.62877
1960,9800,-4912.3,0.65521
1962,9810,-4907.5,0.64527
1964,9820,-4902.7,0.6424
1966,9830,-4897.7,0.65827
1968,9840,-4892.6,0.64402
1970,9850,-4887.4,0.66216
1972,9860,-4882.1,0.63201
1974,9870,-4876.6,0.65123
1976,9880,-4871,0.61358
1978,9890,-4865.3,0.61416
1980,9900,-4859.5,0.63256
1982,9910,-4853.6,0.64989
1984,9920,-4847.5,0.64666
1986,9930,-4841.3,0.63355
1988,9940,-4835,0.63125
1990,9950,-4828.6,0.62692
1992,9960,-4822,0.62193
1994,9970,-4815.4,0.63343
1996,9980,-4808.6,0.62666
1998,9990,-4801.7,0.62258
2000,10000,-4794.6,0.62857
2002,10010,-4787.5,0.62575
2004,10020,-4780.2,0.62162
2006,10030,-4772.8,0.62808
2008,10040,-4765.3,0.60702
2010,10050,-4757.7,0.61987
2012,10060,-4749.9,0.60733
2014,10070,-4742.1,0.62868
2016,10080,-4734.1,0.62122
2018,10090,-4726,0.61422
2020,10100,-4717.7,0.61811
2022,10110,-4709.4,0.62243
2024,10120,-4700.9,0.63017
2026,10130,-4692.4,0.60821
2028,10140,-4683.7,0.62293
2030,10150,-4674.9,0.62659
2032,10160,-4665.9,0.61134
2034,10170,-4656.9,0.62598
2036,10180,-4647.7,0.61774
2038,10190,-4638.5,0.60206
2040,10200,-4629.1,0.61136
2042,10210,-4619.6,0.61184
2044,10220,-4609.9,0.61719
2046,10230,-4600.2,0.60186
2048,10240,-4590.4,0.60854
2050,10250,-4580.4,0.60131
2052,10260,-4570.3,0.59826
2054,10270,-4560.1,0.60954
2056,10280,-4549.8,0.60724
2058,10290,-4539.4,0.61432
2060,10300,-4528.8,0.6186
2062,10310,-4518.2,0.6087
2064,10320,-4507.4,0.59576
2066,10330,-4496.5,0.59712
2068,10340,-4485.6,0.5993
2070,10350,-4474.5,0.58256
2072,10360,-4463.2,0.58135
2074,10370,-4451.9,0.57733
2076,10380,-4440.5,0.60686
2078,10390,-4428.9,0.57922
2080,10400,-4417.3,0.5909
2082,10410,-4405.5,0.60548
2084,10420,-4393.6,0.59585
2086,10430,-4381.6,0.59687
2088,10440,-4369.5,0.60118
2090,10450,-4357.3,0.59084
2092,10460,-4345,0.58024
2094,10470,-4332.6,0.57553
2096,10480,-4320.1,0.58841
2098,10490,-4307.4,0.59062
2100,10500,-4294.7,0.59275
2102,10510,-4281.8,0.57478
2104,10520,-4268.9,0.57051
2106,10530,-4255.8,0.5748
2108,10540,-4242.6,0.57989
2110,10550,-4229.3,0.58981
2112,10560,-4215.9,0.55101
2114,10570,-4202.4,0.58747
2116,10580,-4188.8,0.59511
2118,10590,-4175.1,0.56035
2120,10600,-4161.3,0.5733
2122,10610,-4147.4,0.55071
2124,10620,-4133.4,0.58447
2126,10630,-4119.3,0.5611
2128,10640,-4105.1,0.57884
2130,10650,-4090.7,0.56969
2132,10660,-4076.3,0.57123
2134,10670,-4061.8,0.5611
2136,10680,-4047.2,0.57609
2138,10690,-4032.4,0.56628
2140,10700,-4017.6,0.56675
2142,10710,-4002.7,0.55979
2144,10720,-3987.6,0.55463
2146,10730,-3972.5,0.55858
2148,10740,-3957.3,0.56503
2150,10750,-3941.9,0.56581
2152,10760,-3926.5,0.56531
2154,10770,-3911,0.55056
2156,10780,-3895.4,0.56454
2158,10790,-3879.6,0.53875
2160,10800,-3863.8,0.55624
2162,10810,-3847.9,0.53864
2164,10820,-3831.9,0.54162
2166,10830,-3815.8,0.55745
2168,10840,-3799.6,0.55889
2170,10850,-3783.3,0.55663
2172,10860,-3766.9,0.53226
2174,10870,-3750.4,0.56499
2176,10880,-3733.8,0.54638
2178,10890,-3717.2,0.56343
2180,10900,-3700.4,0.54256
2182,10910,-3683.5,0.54927
2184,10920,-3666.6,0.55352
2186,10930,-3649.5,0.54916
2188,10940,-3632.4,0.52853
2190,10950,-3615.2,0.54248
2192,10960,-3597.9,0.55131
2194,10970,-3580.5,0.55058
2196,10980,-3563,0.53679
2198,10990,-3545.4,0.54457
2200,11000,-3527.7,0.54596
2202,11010,-3509.9,0.52087
2204,11020,-3492.1,0.54093
2206,11030,-3474.2,0.54588
2208,11040,-3456.1,0.53045
2210,11050,-3438,0.54496
2212,11060,-3419.8,0.53148
2214,11070,-3401.5,0.53946
2216,11080,-3383.2,0.51533
2218,11090,-3364.7,0.53123
2220,11100,-3346.2,0.53145
2222,11110,-3327.6,0.5346
2224,11120,-3308.9,0.53169
2226,11130,-3290.1,0.51232
2228,11140,-3271.2,0.52306
2230,11150,-3252.3,0.51062
2232,11160,-3233.3,0.51651
2234,11170,-3214.1,0.50259
2236,11180,-3195,0.50892
2238,11190,-3175.7,0.51079
2240,11200,-3156.3,0.52318
2242,11210,-3136.9,0.52744
2244,11220,-3117.4,0.49626
2246,11230,-3097.8,0.5013
2248,11240,-3078.2,0.51242
2250,11250,-3058.4,0.51062
2252,11260,-3038.6,0.48142
2254,11270,-3018.7,0.50463
2256,11280,-2998.7,0.50944
2258,11290,-2978.7,0.50051
2260,11300,-2958.6,0.51168
2262,11310,-2938.4,0.50396
2264,11320,-2918.1,0.50126
2266,11330,-2897.8,0.49228
2268,11340,-2877.4,0.49435
2270,11350,-2856.9,0.49256
2272,11360,-2836.3,0.49634
2274,11370,-2815.7,0.50656
2276,11380,-2795,0.4922
2278,11390,-2774.3,0.49118
2280,11400,-2753.4,0.49764
2282,11410,-2732.5,0.48159
2284,11420,-2711.6,0.49581
2286,11430,-2690.5,0.48911
2288,11440,-2669.4,0.4876
2290,11450,-2648.2,0.48499
2292,11460,-2627,0.50151
2294,11470,-2605.7,0.47243
2296,11480,-2584.3,0.45688
2298,11490,-2562.9,0.4732
2300,11500,-2541.4,0.47593
2302,11510,-2519.8,0.48798
2304,11520,-2498.2,0.45755
2306,11530,-2476.5,0.47965
2308,11540,-2454.8,0.49298
2310,11550,-2433,0.47515
2312,11560,-2411.1,0.46346
2314,11570,-2389.2,0.46866
2316,11580,-2367.2,0.44775
2318,11590,-2345.1,0.4714
2320,11600,-2323,0.47325
2322,11610,-2300.8,0.47795
2324,11620,-2278.6,0.46983
2326,11630,-2256.3,0.4699
2328,11640,-2234,0.47302
2330,11650,-2211.6,0.46479
2332,11660,-2189.2,0.44293
2334,11670,-2166.7,0.44396
2336,11680,-2144.1,0.45415
2338,11690,-2121.5,0.45868
2340,11700,-2098.8,0.45726
2342,11710,-2076.1,0.44343
2344,11720,-2053.3,0.45173
2346,11730,-2030.5,0.44629
2348,11740,-2007.6,0.46081
2350,11750,-1984.7,0.43528
2352,11760,-1961.8,0.4473
2354,11770,-1938.7,0.43428
2356,11780,-1915.7,0.4427
2358,11790,-1892.5,0.45678
2360,11800,-1869.4,0.46428
2362,11810,-1846.2,0.4373
2364,11820,-1822.9,0.44486
2366,11830,-1799.6,0.43339
2368,11840,-1776.3,0.42907
2370,11850,-1752.9,0.43045
2372,11860,-1729.4,0.44092
2374,11870,-1706,0.44501
2376,11880,-1682.4,0.44325
2378,11890,-1658.9,0.42706
2380,11900,-1635.3,0.41738
2382,11910,-1611.6,0.40508
2384,11920,-1587.9,0.41611
2386,11930,-1564.2,0.44029
2388,11940,-1540.5,0.40691
2390,11950,-1516.6,0.42863
2392,11960,-1492.8,0.43022
2394,11970,-1468.9,0.41814
2396,11980,-1445,0.4313
2398,11990,-1421.1,0.42897
2400,12000,-1397.1,0.42338
2402,12010,-1373.1,0.42615
2404,12020,-1349,0.40623
2406,12030,-1324.9,0.42863
2408,12040,-1300.8,0.4099
2410,12050,-1276.6,0.41005
2412,12060,-1252.4,0.41982
2414,12070,-1228.2,0.41199
2416,12080,-1204,0.41407
2418,12090,-1179.7,0.40921
2420,12100,-1155.4,0.41011
2422,12110,-1131.1,0.38857
2424,12120,-1106.7,0.39168
2426,12130,-1082.3,0.37968
2428,12140,-1057.9,0.40313
2430,12150,-1033.4,0.40099
2432,12160,-1009,0.39928
2434,12170,-984.45,0.38035
2436,12180,-959.93,0.39356
2438,12190,-935.38,0.39973
2440,12200,-910.81,0.4219
2442,12210,-886.22,0.38877
2444,12220,-861.6,0.38859
2446,12230,-836.97,0.39943
2448,12240,-812.31,0.39506
2450,12250,-787.63,0.38004
2452,12260,-762.93,0.37887
2454,12270,-738.22,0.39791
2456,12280,-713.48,0.38768
2458,12290,-688.73,0.36714
2460,12300,-663.96,0.3826
2462,12310,-639.17,0.36706
2464,12320,-614.37,0.36388
2466,12330,-589.55,0.37831
2468,12340,-564.72,0.3719
2470,12350,-539.87,0.37524
2472,12360,-515.01,0.36223
2474,12370,-490.14,0.36127
2476,12380,-465.25,0.38163
2478,12390,-440.36,0.37025
2480,12400,-415.45,0.3762
2482,12410,-390.53,0.38421
2484,12420,-365.6,0.36327
2486,12430,-340.66,0.33997
2488,12440,-315.72,0.37552
2490,12450,-290.76,0.36
2492,12460,-265.8,0.3474
2494,12470,-240.83,0.34969
2496,12480,-215.86,0.36177
2498,12490,-190.88,0.36079
2500,12500,-165.9,0.33513
2502,12510,-140.91,0.35988
2504,12520,-115.92,0.35438
2506,12530,-90.922,0.33998
2508,12540,-65.925,0.35233
2510,12550,-40.926,0.3489
2512,12560,-15.927,0.35484
2514,12570,9.0735,0.33645
2516,12580,34.073,0.32879
2518,12590,59.072,0.33899
2520,12600,84.07,0.3343
2522,12610,109.06,0.34469
2524,12620,134.06,0.34265
2526,12630,159.05,0.33097
2528,12640,184.03,0.33468
2530,12650,209.01,0.3438
2532,12660,233.99,0.34091
2534,12670,258.96,0.33476
2536,12680,283.92,0.33387
2538,12690,308.88,0.32458
2540,12700,333.82,0.33446
2542,12710,358.76,0.32407
2544,12720,383.7,0.3435
2546,12730,408.62,0.33473
2548,12740,433.53,0.3268
2550,12750,458.43,0.33175
2552,12760,483.32,0.33877
2554,12770,508.19,0.30583
2556,12780,533.06,0.32421
2558,12790,557.91,0.32716
2560,12800,582.75,0.31139
2562,12810,607.57,0.31826
2564,12820,632.38,0.31981
2566,12830,657.17,0.3222
2568,12840,681.94,0.31741
2570,12850,706.7,0.3131
2572,12860,731.44,0.32505
2574,12870,756.16,0.32106
2576,12880,780.86,0.30859
2578,12890,805.55,0.30982
2580,12900,830.21,0.29837
2582,12910,854.85,0.28827
2584,12920,879.47,0.30502
2586,12930,904.07,0.30612
2588,12940,928.65,0.30286
2590,12950,953.2,0.29939
2592,12960,977.73,0.30512
2594,12970,1002.2,0.32137
2596,12980,1026.7,0.28903
2598,12990,1051.2,0.28599
2600,13000,1075.6,0.30234
2602,13010,1100,0.29023
2604,13020,1124.4,0.27382
2606,13030,1148.7,0.26968
2608,13040,1173,0.29429
2610,13050,1197.3,0.28893
2612,13060,1221.6,0.26731
2614,13070,1245.8,0.27596
2616,13080,1270,0.27204
2618,13090,1294.2,0.28642
2620,13100,1318.3,0.27172
2622,13110,1342.4,0.26688
2624,13120,1366.5,0.27774
2626,13130,1390.5,0.28502
2628,13140,1414.5,0.28029
2630,13150,1438.5,0.26423
2632,13160,1462.4,0.27309
2634,13170,1486.3,0.27204
2636,13180,1510.1,0.26291
2638,13190,1533.9,0.27492
2640,13200,1557.7,0.27674
2642,13210,1581.4,0.26462
2644,13220,1605.1,0.26773
2646,13230,1628.8,0.26088
2648,13240,1652.4,0.25917
2650,13250,1676,0.25985
2652,13260,1699.5,0.27786
2654,13270,1723,0.26556
2656,13280,1746.5,0.24978
2658,13290,1769.9,0.25013
2660,13300,1793.2,0.24075
2662,13310,1816.5,0.25633
2664,13320,1839.8,0.26031
2666,13330,1863,0.2545
2668,13340,1886.2,0.26498
2670,13350,1909.3,0.27097
2672,13360,1932.4,0.2578
2674,13370,1955.4,0.25031
2676,13380,1978.4,0.25804
2678,13390,2001.4,0.25049
2680,13400,2024.2,0.27455
2682,13410,2047.1,0.21354
2684,13420,2069.9,0.23052
2686,13430,2092.6,0.24014
2688,13440,2115.3,0.26591
2690,13450,2137.9,0.22997
2692,13460,2160.5,0.23834
2694,13470,2183,0.23296
2696,13480,2205.5,0.23881
2698,13490,2227.9,0.24053
2700,13500,2250.2,0.23105
2702,13510,2272.5,0.2173
2704,13520,2294.8,0.22082
2706,13530,2316.9,0.22603
2708,13540,2339.1,0.21277
2710,13550,2361.1,0.22197
2712,13560,2383.1,0.22111
2714,13570,2405.1,0.21437
2716,13580,2427,0.20605
2718,13590,2448.8,0.19314
2720,13600,2470.6,0.21598
2722,13610,2492.3,0.22908
2724,13620,2513.9,0.20696
2726,13630,2535.5,0.21329
2728,13640,2557,0.20436
2730,13650,2578.5,0.21476
2732,13660,2599.8,0.19335
2734,13670,2621.2,0.20051
2736,13680,2642.4,0.2106
2738,13690,2663.6,0.18698
2740,13700,2684.7,0.19431
2742,13710,2705.8,0.20499
2744,13720,2726.8,0.21615
2746,13730,2747.7,0.20451
2748,13740,2768.6,0.2015
2750,13750,2789.3,0.19817
2752,13760,2810.1,0.20525
2754,13770,2830.7,0.20124
2756,13780,2851.3,0.19423
2758,13790,2871.8,0.18691
2760,13800,2892.2,0.20051
2762,13810,2912.6,0.21043
2764,13820,2932.8,0.20459
2766,13830,2953.1,0.19253
2768,13840,2973.2,0.19235
2770,13850,2993.3,0.17317
2772,13860,3013.2,0.18765
2774,13870,3033.2,0.17957
2776,13880,3053,0.19
2778,13890,3072.7,0.19339
2780,13900,3092.4,0.1839
2782,13910,3112,0.16569
2784,13920,3131.6,0.17856
2786,13930,3151,0.18138
2788,13940,3170.4,0.17586
2790,13950,3189.7,0.18365
2792,13960,3208.9,0.18118
2794,13970,3228,0.18279
2796,13980,3247.1,0.16199
2798,13990,3266,0.17203
2800,14000,3284.9,0.17918
2802,14010,3303.7,0.16481
2804,14020,3322.5,0.16876
2806,14030,3341.1,0.17899
2808,14040,3359.7,0.17261
2810,14050,3378.1,0.17647
2812,14060,3396.5,0.1595
2814,14070,3414.8,0.16503
2816,14080,3433,0.17884
2818,14090,3451.2,0.1503
2820,14100,3469.2,0.15372
2822,14110,3487.2,0.15938
2824,14120,3505.1,0.15791
2826,14130,3522.8,0.16546
2828,14140,3540.5,0.15608
2830,14150,3558.1,0.16946
2832,14160,3575.7,0.14212
2834,14170,3593.1,0.15035
2836,14180,3610.4,0.15316
2838,14190,3627.7,0.16752
2840,14200,3644.8,0.15161
2842,14210,3661.9,0.14725
2844,14220,3678.9,0.13434
2846,14230,3695.8,0.15173
2848,14240,3712.6,0.14179
2850,14250,3729.3,0.15169
2852,14260,3745.9,0.13274
2854,14270,3762.4,0.13823
2856,14280,3778.8,0.1437
2858,14290,3795.1,0.14885
2860,14300,3811.4,0.12955
2862,14310,3827.5,0.13619
2864,14320,3843.5,0.15471
2866,14330,3859.5,0.15189
2868,14340,3875.3,0.14354
2870,14350,3891.1,0.13501
2872,14360,3906.7,0.1396
2874,14370,3922.3,0.13814
2876,14380,3937.7,0.13394
2878,14390,3953.1,0.12223
2880,14400,3968.3,0.13784
2882,14410,3983.5,0.12351
2884,14420,3998.6,0.11713
2886,14430,4013.5,0.13709
2888,14440,4028.4,0.12195
2890,14450,4043.1,0.1178
2892,14460,4057.8,0.10841
2894,14470,4072.3,0.1085
2896,14480,4086.8,0.11341
2898,14490,4101.2,0.13571
2900,14500,4115.4,0.13415
2902,14510,4129.6,0.11051
2904,14520,4143.6,0.11406
2906,14530,4157.5,0.10435
2908,14540,4171.4,0.1092
2910,14550,4185.1,0.10223
2912,14560,4198.7,0.095689
2914,14570,4212.3,0.12338
2916,14580,4225.7,0.11498
2918,14590,4239,0.099137
2920,14600,4252.2,0.085182
2922,14610,4265.3,0.093121
2924,14620,4278.3,0.091906
2926,14630,4291.2,0.10588
2928,14640,4303.9,0.10935
2930,14650,4316.6,0.11282
2932,14660,4329.2,0.10429
2934,14670,4341.6,0.098479
2936,14680,4354,0.083452
2938,14690,4366.2,0.10134
2940,14700,4378.3,0.072666
2942,14710,4390.4,0.079348
2944,14720,4402.3,0.085983
2946,14730,4414.1,0.087975
2948,14740,4425.7,0.085133
2950,14750,4437.3,0.097456
2952,14760,4448.8,0.09173
2954,14770,4460.1,0.087658
2956,14780,4471.4,0.081375
2958,14790,4482.5,0.086938
2960,14800,4493.5,0.079049
2962,14810,4504.4,0.093702
2964,14820,4515.2,0.093627
2966,14830,4525.9,0.083919
2968,14840,4536.5,0.080428
2970,14850,4546.9,0.080852
2972,14860,4557.3,0.063237
2974,14870,4567.5,0.088116
2976,14880,4577.6,0.068025
2978,14890,4587.6,0.073396
2980,14900,4597.5,0.070137
2982,14910,4607.3,0.071181
2984,14920,4616.9,0.080347
2986,14930,4626.5,0.070797
2988,14940,4635.9,0.075938
2990,14950,4645.2,0.08075
2992,14960,4654.4,0.054929
2994,14970,4663.5,0.072897
2996,14980,4672.4,0.061035
2998,14990,4681.3,0.06811
3000,15000,4690,0.065981
3002,15010,4698.6,0.058844
3004,15020,4707.1,0.061749
3006,15030,4715.5,0.058366
3008,15040,4723.7,0.050891
3010,15050,4731.9,0.057953
3012,15060,4739.9,0.071738
3014,15070,4747.8,0.042077
3016,15080,4755.6,0.067138
3018,15090,4763.2,0.058058
3020,15100,4770.8,0.056176
3022,15110,4778.2,0.050992
3024,15120,4785.5,0.065496
3026,15130,4792.7,0.057756
3028,15140,4799.7,0.048055
3030,15150,4806.7,0.056702
3032,15160,4813.5,0.050299
3034,15170,4820.2,0.049122
3036,15180,4826.8,0.057551
3038,15190,4833.3,0.051794
3040,15200,4839.6,0.038367
3042,15210,4845.8,0.046675
3044,15220,4851.9,0.031988
3046,15230,4857.9,0.036378
3048,15240,4863.8,0.053146
3050,15250,4869.5,0.034597
3052,15260,4875.1,0.055995
3054,15270,4880.6,0.03804
3056,15280,4886,0.047868
3058,15290,4891.2,0.037171
3060,15300,4896.3,0.045549
3062,15310,4901.3,0.03912
3064,15320,4906.2,0.032138
3066,15330,4911,0.020263
3068,15340,4915.6,0.031956
3070,15350,4920.1,0.0037816
3072,15360,4924.5,0.024696
3074,15370,4928.8,0.027007
3076,15380,4932.9,0.026204
3078,15390,4936.9,0.042114
3080,15400,4940.8,0.035729
3082,15410,4944.6,0.031357
3084,15420,4948.3,0.029404
3086,15430,4951.8,0.0019312
3088,15440,4955.2,0.038553
3090,15450,4958.5,0.021743
3092,15460,4961.6,0.019364
3094,15470,4964.7,0.01626
3096,15480,4967.6,0.033608
3098,15490,4970.3,0.01756
3100,15500,4973,0.031277
3102,15510,4975.5,0.022298
3104,15520,4977.9,0.022617
3106,15530,4980.2,0.016875
3108,15540,4982.4,0.010683
3110,15550,4984.4,0.018469
3112,15560,4986.3,0.010932
3114,15570,4988.1,0.017337
3116,15580,4989.8,0.020991
3118,15590,4991.3,0.017358
3120,15600,4992.7,0.010268
3122,15610,4994,0.0011236
3124,15620,4995.2,0.0085962
3126,15630,4996.2,0.029069
3128,15640,4997.1,0.0095194
3130,15650,4997.9,-0.0054483
3132,15660,4998.6,0.0035116
3134,15670,4999.1,0.01746
3136,15680,4999.5,0.029909
3138,15690,4999.8,0.0020555
3140,15700,5000,-0.0029514
3142,15710,5000,0.0037197
3144,15720,4999.9,-0.00302
3146,15730,4999.7,0.0024428
3148,15740,4999.4,-0.0042407
3150,15750,4998.9,-0.013903
3152,15760,4998.3,-0.00019049
3154,15770,4997.6,-0.0035499
3156,15780,4996.8,-0.020445
3158,15790,4995.8,-0.0063911
3160,15800,4994.7,0.0055516
3162,15810,4993.5,-0.018494
3164,15820,4992.2,-0.0037738
3166,15830,4990.7,-0.0012985
3168,15840,4989.1,0.0012782
3170,15850,4987.4,0.0058245
3172,15860,4985.6,-0.0041564
3174,15870,4983.6,-0.013623
3176,15880,4981.5,-0.0046065
3178,15890,4979.3,-0.0037251
3180,15900,4977,-0.007655
3182,15910,4974.5,-0.022
3184,15920,4971.9,-0.016262
3186,15930,4969.2,-0.01367
3188,15940,4966.4,-0.013469
3190,15950,4963.4,-0.014339
3192,15960,4960.4,-0.033058
3194,15970,4957.1,-0.015533
3196,15980,4953.8,-0.026152
3198,15990,4950.4,-0.012361
3200,16000,4946.8,-0.020967
3202,16010,4943.1,-0.048045
3204,16020,4939.3,-0.024594
3206,16030,4935.3,-0.034123
3208,16040,4931.3,-0.029876
3210,16050,4927.1,-0.014406
3212,16060,4922.7,-0.018408
3214,16070,4918.3,-0.018832
3216,16080,4913.7,-0.022358
3218,16090,4909.1,-0.026674
3220,16100,4904.2,-0.021832
3222,16110,4899.3,-0.042807
3224,16120,4894.3,-0.039365
3226,16130,4889.1,-0.038393
3228,16140,4883.8,-0.017377
3230,16150,4878.4,-0.033616
3232,16160,4872.8,-0.042198
3234,16170,4867.2,-0.032596
3236,16180,4861.4,-0.044681
3238,16190,4855.5,-0.036842
3240,16200,4849.4,-0.027229
3242,16210,4843.3,-0.041291
3244,16220,4837,-0.048993
3246,16230,4830.6,-0.03907
3248,16240,4824.1,-0.042444
3250,16250,4817.5,-0.048746
3252,16260,4810.7,-0.054565
3254,16270,4803.9,-0.059016
3256,16280,4796.9,-0.037274
3258,16290,4789.8,-0.029124
3260,16300,4782.5,-0.054656
3262,16310,4775.2,-0.039781
3264,16320,4767.7,-0.047707
3266,16330,4760.1,-0.042394
3268,16340,4752.4,-0.04015
3270,16350,4744.6,-0.034101
3272,16360,4736.6,-0.03201
3274,16370,4728.6,-0.051194
3276,16380,4720.4,-0.058516
3278,16390,4712.1,-0.06469
3280,16400,4703.7,-0.047517
3282,16410,4695.1,-0.063851
3284,16420,4686.5,-0.040756
3286,16430,4677.7,-0.051863
3288,16440,4668.8,-0.053836
3290,16450,4659.8,-0.064677
3292,16460,4650.7,-0.05126
3294,16470,4641.4,-0.052787
3296,16480,4632.1,-0.048602
3298,16490,4622.6,-0.050166
3300,16500,4613,-0.045494
3302,16510,4603.3,-0.063905
3304,16520,4593.5,-0.047053
3306,16530,4583.6,-0.052368
3308,16540,4573.5,-0.06079
3310,16550,4563.4,-0.054873
3312,16560,4553.1,-0.054405
3314,16570,4542.7,-0.048123
3316,16580,4532.2,-0.063022
3318,16590,4521.6,-0.073801
3320,16600,4510.9,-0.06793
3322,16610,4500,-0.063922
3324,16620,4489.1,-0.062044
3326,16630,4478,-0.059593
3328,16640,4466.8,-0.080629
3330,16650,4455.5,-0.067375
3332,16660,4444.1,-0.074594
3334,16670,4432.6,-0.072928
3336,16680,4421,-0.063589
3338,16690,4409.3,-0.06817
3340,16700,4397.4,-0.076358
3342,16710,4385.5,-0.066129
3344,16720,4373.4,-0.063836
3346,16730,4361.2,-0.073542
3348,16740,4349,-0.066471
3350,16750,4336.6,-0.089078
3352,16760,4324.1,-0.076421
3354,16770,4311.5,-0.067237
3356,16780,4298.7,-0.091852
3358,16790,4285.9,-0.085992
3360,16800,4273,-0.079568
3362,16810,4260,-0.067561
3364,16820,4246.8,-0.089004
3366,16830,4233.6,-0.070798
3368,16840,4220.2,-0.085318
3370,16850,4206.8,-0.086667
3372,16860,4193.2,-0.089338
3374,16870,4179.5,-0.056563
3376,16880,4165.7,-0.1035
3378,16890,4151.9,-0.074823
3380,16900,4137.9,-0.076256
3382,16910,4123.8,-0.075052
3384,16920,4109.6,-0.088984
3386,16930,4095.3,-0.070204
3388,16940,4080.9,-0.082295
3390,16950,4066.4,-0.07168
3392,16960,4051.8,-0.073689
3394,16970,4037.1,-0.089642
3396,16980,4022.3,-0.082809
3398,16990,4007.4,-0.072007
3400,17000,3992.4,-0.074948
3402,17010,3977.3,-0.080792
3404,17020,3962.1,-0.082986
3406,17030,3946.8,-0.081744
3408,17040,3931.4,-0.08391
3410,17050,3915.9,-0.084277
3412,17060,3900.4,-0.074556
3414,17070,3884.7,-0.092745
3416,17080,3868.9,-0.097615
3418,17090,3853,-0.089319
3420,17100,3837,-0.087047
3422,17110,3820.9,-0.10792
3424,17120,3804.8,-0.11301
3426,17130,3788.5,-0.097702
3428,17140,3772.1,-0.096257
3430,17150,3755.7,-0.081934
3432,17160,3739.1,-0.0865
3434,17170,3722.5,-0.084829
3436,17180,3705.7,-0.10037
3438,17190,3688.9,-0.070527
3440,17200,3672,-0.10462
3442,17210,3655,-0.097045
3444,17220,3637.9,-0.094038
3446,17230,3620.7,-0.095216
3448,17240,3603.4,-0.10265
3450,17250,3586,-0.10981
3452,17260,3568.5,-0.10708
3454,17270,3551,-0.086122
3456,17280,3533.3,-0.10897
3458,17290,3515.6,-0.10344
3460,17300,3497.8,-0.097438
3462,17310,3479.9,-0.10109
3464,17320,3461.9,-0.099781
3466,17330,3443.8,-0.11491
3468,17340,3425.6,-0.10419
3470,17350,3407.4,-0.09791
3472,17360,3389,-0.10925
3474,17370,3370.6,-0.10657
3476,17380,3352.1,-0.11907
3478,17390,3333.5,-0.11248
3480,17400,3314.8,-0.094197
3482,17410,3296.1,-0.11776
3484,17420,3277.2,-0.098155
3486,17430,3258.3,-0.1202
3488,17440,3239.3,-0.13096
3490,17450,3220.2,-0.10432
3492,17460,3201.1,-0.12044
3494,17470,3181.8,-0.09469
3496,17480,3162.5,-0.12032
3498,17490,3143.1,-0.12393
3500,17500,3123.6,-0.10363
3502,17510,3104.1,-0.10723
3504,17520,3084.4,-0.11987
3506,17530,3064.7,-0.10039
3508,17540,3044.9,-0.12953
3510,17550,3025,-0.10497
3512,17560,3005.1,-0.13535
3514,17570,2985.1,-0.12221
3516,17580,2965,-0.10512
3518,17590,2944.8,-0.11651
3520,17600,2924.6,-0.12458
3522,17610,2904.3,-0.13729
3524,17620,2883.9,-0.12994
3526,17630,2863.4,-0.13816
3528,17640,2842.9,-0.13885
3530,17650,2822.3,-0.1228
3532,17660,2801.6,-0.11535
3534,17670,2780.9,-0.12427
3536,17680,2760.1,-0.12998
3538,17690,2739.2,-0.13074
3540,17700,2718.2,-0.14501
3542,17710,2697.2,-0.12576
3544,17720,2676.1,-0.13728
3546,17730,2655,-0.1382
3548,17740,2633.8,-0.13228
3550,17750,2612.5,-0.13443
3552,17760,2591.1,-0.11874
3554,17770,2569.7,-0.12728
3556,17780,2548.3,-0.13245
3558,17790,2526.7,-0.12
3560,17800,2505.1,-0.14253
3562,17810,2483.4,-0.12746
3564,17820,2461.7,-0.15182
3566,17830,2439.9,-0.15399
3568,17840,2418.1,-0.1289
3570,17850,2396.2,-0.14282
3572,17860,2374.2,-0.12643
3574,17870,2352.1,-0.13741
3576,17880,2330.1,-0.12331
3578,17890,2307.9,-0.14889
3580,17900,2285.7,-0.14528
3582,17910,2263.4,-0.10778
3584,17920,2241.1,-0.14174
3586,17930,2218.7,-0.14543
3588,17940,2196.3,-0.15454
3590,17950,2173.8,-0.14296
3592,17960,2151.3,-0.15597
3594,17970,2128.7,-0.12675
3596,17980,2106,-0.13693
3598,17990,2083.3,-0.14403
3600,18000,2060.6,-0.15417
